PC1,PC2
2.811095615633661,0.5519489801390364
-1.7921651323250125,-0.2417939239331187
2.9062205118106896,0.23243372751386535
-1.5716858375309566,0.056911282719231376
2.4721955906714586,0.6988580336720007
-1.279486825588577,-0.03497092937791568
-0.3810152966025702,1.427442988413503
0.9113585620024605,-2.187314200413948
-2.0522875446007784,-0.10736360408189738
1.5101973927189114,0.5184501702772362
3.523472030782588,0.43760474071169786
-0.8878217612356721,-1.794285365523485
-1.083742407788551,-0.7422962486185709
-0.8915021970965292,-0.43795687744240425
-1.0029931883478325,0.8245345499830293
-1.4744853624220104,1.28712913777233
-0.5448442723633946,1.4435849839682364
-1.601937800936078,1.0829165111933106
-1.5816704432293314,1.1153901962743098
1.3195526927078893,-1.7771189626682524
0.43413603498297687,-2.666876235247868
0.7209363052723217,-0.3373344665497246
-2.3283901017423108,-0.4804331495060693
0.18594611406159872,-0.4860801761133265
-1.5325648069238078,0.10897781969745152
-1.6609753031117003,0.9883227668404498
-0.19544855987029724,-2.0542278182141924
-0.8642052375514722,0.6532444863829162
-0.3507874668865779,-1.0680528084276653
0.4059623996386204,0.20283394820121503
-0.4852595729741764,0.5522807665293867
0.712300618783189,0.5683100453502958
3.2385843655198148,-0.2637860247160808
-2.0544861399479637,-0.17942446431889922
1.624143614451716,1.0733370371926423
-0.9732176995568508,1.3506746724890415
-0.1339185798149831,1.0270124240836744
-1.217684157802076,-1.409185736596448
-2.049407784334657,0.365950859610206
-0.6715229429309262,-0.175511141841033
-0.9593565750686991,0.39758879869716923
0.7490780291674456,1.5193335312739538
-1.1777986060871783,-0.8693849054817072
1.1177227278695372,0.14485166373719943
-0.4914566175038756,1.5157223387827143
-2.278426060572734,1.0734797113881678
1.2945898848656177,1.1473431780607168
-1.601084943062995,0.016393468771845044
-1.8178965959464275,-0.76246976299564
-3.001421192895118,-0.08495034061200242
-1.6041150427858302,-0.5322873600069934
-1.8947946452432156,1.1509205864006133
-0.782040339814744,1.3221329060554239
1.2080541605517956,0.622177125907432
-1.5538888791466743,0.08542673255403906
-0.5240559979150479,0.4539970937862902
0.4243310958027185,0.6783218194388669
1.201129129495544,-0.6508036280384559
1.3456869851991,0.3400738616097648
1.7035771493596676,1.1594656958891008
-1.617818939437633,1.05747071318208
-0.12147471032379299,-1.6820854088300856
-2.1450389414758964,-0.7185967211796978
-0.6319877012398442,1.0253185995249114
-1.1751501784546876,-0.7763624393748256
-0.07400463784040798,-1.9321885366014706
0.7887084249456379,-2.3105656103316274
-0.4391501654682753,-2.457873002766378
0.47119223944978444,0.7342293974612804
0.21763824468150578,0.8853005371342024
-1.2875805750440734,2.12383865385224
0.04075843689326375,0.6742744954099781
1.6854141380941483,1.1397717996020902
0.7412108288412078,0.5473220924911798
-0.22817924238140572,-1.6720124741780613
0.10002476948690106,0.29140891397888646
0.9102963678916953,-0.13201402823631622
-0.7902581987853902,1.3089657153385008
-0.48272953082405884,-0.7797791327606995
-1.472980939060376,0.6753949991982306
1.0703821844142272,0.9955184212209655
-0.3864741971003902,0.19985197736404103
2.388268131682972,0.17652008672964467
1.6573509800737611,0.678006724268347
-1.5415983601676577,-0.38913581675968617
-0.2928337121576017,-1.5380094038409589
2.799201163398443,1.3702091842996196
-0.7969795486811836,-0.32518685243049966
-0.6250231870851324,-1.480754140183444
2.3834359535465843,-0.29291369920275084
-0.45086127084904787,-0.7452248290926279
2.17969848407318,0.3325630077285256
-0.47046061085371255,-2.060485886052317
1.3429951353433425,-0.09418146303585517
-0.7168887718322849,0.8892845555537604
-0.1437161000980194,-1.706201433265094
-0.7086261830297889,-0.7213470247459992
3.4881079993111306,0.4020673426800023
-1.5404245655194975,0.09835772042421438
-2.365556965110742,0.39663443106770396
1.3714380201587846,1.3546923831873319
-1.0954144476090333,0.282785979463856
-2.056363905701289,-0.598779086640562
0.7437805555617566,-1.6065745387133958
-1.6109392885367377,2.1429706408157507
-0.34253572935273424,-1.1437331382532856
-0.041238151542844215,1.0300217981760567
3.5645397767374982,0.8939802983147478
0.35666413348038833,-2.744727930470792
0.47027264102487254,1.6402785550355667
-1.7038269931264358,-0.15481391279643728
0.15296784079070758,-0.552573760735334
-1.8386560810480357,1.2408694628625352
1.1335762667370612,-1.964007108596177
2.6200185826928473,-0.05517126120776396
2.1473999968746154,-0.9452132682797689
0.47623359474991583,-0.6026621554295608
-0.9104506882701755,1.1163854535646156
2.438758968001617,0.17778701109524586
0.27576781469759354,0.6087653257244944
1.670180091713962,1.5545903284344194
-2.04265417421552,1.4512488364660099
-0.7518725477354969,1.6497560574162629
-0.3807121379701466,-0.28213313109647703
0.8492854822416567,-1.0608404486624492
-0.20494992513204632,0.9310349294068679
0.80997181033796,-1.1034677072053531
-0.02415044160493041,1.0504082506231704
-1.214419089089602,-1.573139774568257
-0.0627039674331771,-0.3243513536117245
0.10382730167715062,1.203091798458933
-2.046582295040158,-0.7039988581277128
1.2321563090381233,0.21697415479225932
0.5269762110791744,-0.5476426540533157
-1.4300289238363106,-0.23838328724207555
-1.6524500309872063,-1.0248260089473065
-2.9663566474099388,-0.02876763420942781
-1.0583370752291978,-0.22206107757568613
-1.9178968326479697,0.5766663012365401
-1.6062505714553263,2.1504832097524
0.2112357641440378,1.331235213840792
0.8355174386907741,2.0760330081615836
1.178044953033096,-1.0891074545494188
0.7873646750781013,0.16602946543203886
1.0919634553912612,-1.5907174366238201
-0.7010170671121374,-1.117845320164281
-0.7393159474955924,0.6949075115458448
-0.9731198602382322,1.3508068728949327
-1.2424386141136168,0.5009960899659884
-2.1208224912789517,0.25152554887081463
-1.5325642525732832,-0.8628364449289677
2.1210309643161955,-0.1414986037786704
-0.9843711047041025,0.8496966939042675
2.242584657511493,0.01855755567560234
1.6437743618203264,-0.6307239806588347
-0.9860614653554681,0.45799847434118723
-1.2013132100123598,0.070657194928928
-0.24004190458515973,1.3695261828072016
-1.4258062367238147,0.29064911302239316
-1.5057413005149753,0.16257192969919884
-0.22049394667472005,-1.7894505666558798
-2.5459098076203555,0.6448997705990109
-0.6164597315203871,-1.924110670678923
-1.461328880589548,2.382686214143773
2.2155575742299685,0.7837043749238064
0.16364395556074177,0.45726366057350215
-0.9436065229520294,-1.407266104085604
-1.2374164729331272,0.9936895097815984
-0.556111150621303,1.1468929678007915
-1.7952476358104519,1.310421310759899
2.6473287515162736,0.8887524435621631
-0.9845656746402904,-1.094196236160353
-2.437565151620857,0.818496659253407
0.9612137443451539,1.772421550997961
2.557141455746981,0.35962704411357777
-0.14725478674872952,-2.0057977827570452
1.5465933612186833,-0.30475937554440374
2.6627263460706376,-0.842467096850808
1.3184549183223693,0.7418831064718231
1.2805962160365383,0.3391674985375598
2.0288055214613467,-1.479495617846877
2.513046026819352,-0.9928812001477519
-0.9509486793406968,1.588735376217046
0.9082898035627606,-1.7752915194241
0.31642932629711734,-1.2072722539625642
-2.3425671265180146,0.4334702529506283
-1.032409101444759,-1.158842234641012
-0.566421286569138,1.130373394171278
-1.3033927867882324,0.904542369409156
1.628185684069154,0.19345298715085274
-1.007073934567555,-0.12226632784524545
-0.48695573167216005,1.0358964251404872
-0.6332618010271595,1.5605156042495245
-1.9382743633836312,-1.0676992622877455
-2.0401311827972406,0.3808144368612106
1.189035720634168,1.13707774559027
0.533163724810967,-1.4036068002269821
0.4880931717939771,-0.9522286479981058
1.1172728886684233,-0.7702654932632329
-0.6848376889226861,1.4778773459463848
2.466882495144667,-0.6241645576895515
0.11974588308143447,1.855671142070072
-0.885899260815791,0.022300833770354387
-0.0653698562119235,0.09408524193223036
1.6698570150736836,-0.6024429285495498
-1.3124517203666668,-0.4865965822338326
0.5899290628914553,-1.3420569468182293
-2.3618124660009627,-0.13460433841071767
-0.9541061421447662,0.8905906861265249
1.1220075680696542,-1.975632520975538
0.35009678494565777,-0.317389534144038
-0.30980095949509123,-1.104678997499798
-1.3869215676598006,-0.18428577958673384
-0.4566901819702978,1.30619174138221
0.33992861426823684,-0.3191191284790572
-1.4950278340655136,0.17973774581788624
1.8556490907680088,0.030345381903250205
1.232616900535586,-1.0765362020906528
-0.8388792702412083,-1.282321499743456
-0.18218019457402942,-2.0408944068596653
-0.4553856905140517,0.10673882481487089
2.9835859715685458,1.140391426241271
2.7915895355102966,1.0451723717738803
2.9939073402259266,0.8332061167072394
0.14165064945652597,-2.2594554816799235
0.21631601510253476,-0.9305695104343285
1.4732431379126916,0.5690044589132195
-0.8903798554426252,0.4907900848502668
1.3336166416535427,-0.5356870210404007
-1.2510150563644133,1.6451878669303621
-0.6118398529683174,-1.7824448092394383
-0.0933777678591802,-2.5142934712319525
1.6111360722692636,-0.23477662659760962
-0.6563957093077438,0.29610951007995323
0.4201434402336487,-1.0948165067570987
-2.708715597526091,-0.15319675675274572
-1.8655899082182446,0.6604758740513078
0.8425597996929715,1.1772885981854437
0.9171252807434833,-0.12460953459315809
0.8670104235138097,0.7528862166864615
-2.830244119297515,-0.34791769677202056
2.8536437163943527,1.009812149752715
-1.3667594977963187,-0.15289369143261497
-0.9961759404496913,-1.1098840176594085
-1.0449659788599257,0.28191344354261566
-2.5152566894967188,0.6940141997762436
-1.374489358317708,0.8084767411284218
-1.360889138679206,-0.14496166707915986
-0.36558790491534526,1.4521617636244126
-0.8835031691302349,1.1595625298725614
-0.7081410979554239,-2.033490910857701
-0.2224157669544257,-2.6542075490307964
2.0596765007768667,1.545579187322956
1.261095604127801,-0.1829839666590097
-0.4401389512202688,-0.3530321519020141
-2.208308485788995,0.6485882215344609
0.7115090561384941,-2.8032499203422545
-1.236341733584627,0.5942215223119327
-2.1529642034592604,-0.24339782174365251
1.771389670738116,-0.49235250570231526
-0.9558346367736937,0.8882551456224521
1.0434939354074415,-2.054531054280016
0.07127728575865727,-0.6104139652046917
0.7478500496693353,0.5545209057553616
-1.1593308159302607,0.7176134475886147
-1.0225650515358051,1.4739869442330678
1.8596575233079833,0.8973648484469099
2.6601510392328653,-0.42994854519075
-0.08555278896069121,0.12054922676933276
2.4463387909662684,1.1021584612816395
0.35979885374670356,-0.29757410878125656
-0.6894370895653109,0.9332694349731739
-0.37010241778488717,0.22197351194978798
-0.6909498794660385,-0.6974628180817067
-1.2819977575911905,-0.5242712054423256
-1.8690991726901323,-0.8316546420785538
-0.3271191753309266,1.737774953877494
0.5899022573246994,-2.5103463936850043
1.4653450483497363,-0.3852924325117256
-0.8643311623280481,-1.7662599613397474
0.330288255627859,0.11255108736399608
2.8131308416772036,0.6371927155425229
2.732511731621372,0.5497785544774606
1.65697159602644,0.6775953635103942
0.6194045187790092,-1.235380051474565
-1.8164340033324788,0.7392366774194027
-0.3219668569697826,-1.5727666342425959
1.9971729789806396,1.47780750245016
1.9350826256759603,0.11647404059970864
0.26455981930730266,-1.694850216857872
-0.4802382686898045,-1.7615919724822577
-0.5472241975906589,-0.017353289514738003
-2.094099669763065,-0.780134301383538
1.9037947032533404,-0.34878760117663626
-0.49703234996408335,-0.4354416136059065
0.6806973520793255,-2.4191061903664184
3.798268138016929,0.29864150878399437
0.1427389544825793,0.4290168405148091
0.5228029865586372,-0.5521676223908013
-2.1712524959520327,0.7079617502273329
-1.944617478380745,0.5338527363287551
-1.4015718580663468,1.9411943703494066
0.17798035112536378,0.8379867798154907
-3.0011691113316017,-0.0845464390562685
2.536841359623403,-0.9689692144954173
0.3096703594140617,-2.0772740860013847
-2.099641497636892,-0.6572557328463116
0.5328204542154863,1.2613279363694945
0.7119400478464007,0.11430672587189773
1.2927878106408404,1.145389214460439
-1.167666801971339,-0.7674344145326469
2.5700703149866486,-0.10536439238121319
0.046066978211835245,-2.226634772010484
-0.05156993229385005,0.16646683441544516
-0.588340564997198,-0.8942916837559314
0.5940143540074272,-2.5062141380999234
1.0133803441896396,-1.3142513000928784
-1.4204403934364311,-0.7113347797779752
-0.48932195898333863,-1.3188561068153795
0.16390458323512866,0.9435233273024205
-1.5013594328760076,2.3185466470932425
-0.18323072550678546,-1.3177099929417713
0.7490726341743537,-1.105076258691681
-2.6996039368965166,0.39864099206810066
-1.2095260970430608,-1.270947689954036
0.5661938792411322,-0.5131485414762078
2.9497039019862736,1.5214497387135801
-1.3528790403984194,0.4074978330961875
3.3781263342039156,1.1217594769511228
0.4373941529053711,-0.6447752130250232
0.7020318552073531,-0.7372411640916311
0.6048117117719384,-0.0135024853714842
0.7768655864993822,-2.32246650641666
-1.7599403491652639,-0.24472239910278568
0.3648482153365314,-1.1547723372287828
-0.8740143065980085,-0.41709299051175114
-2.418920456324126,-0.7633449434432834
1.131969155827142,0.16184833135118665
1.9707975442570025,-1.5377879699670844
-1.5150189557848819,0.1326857591538897
2.744861837980458,0.07028401835529165
-1.838993127484116,-0.3713859269809117
1.830884636549741,0.3971456391247732
-1.3393444362206819,1.5036607618012316
0.5922076578417897,1.785752842169891
3.0441644343604524,-0.4591590687787051
-0.40453450647868255,1.3897589732635378
0.14582625105734387,-0.529581576266881
0.35509904195324377,-0.3114216030998008
-1.7006918413353198,1.461924784315655
-1.4949610639422934,-1.297934554578101
-2.301803361914245,-0.5756922806493504
0.840741762054488,-1.8431707045016952
-0.6701665419260113,1.5013844164900934
-0.7168405313026932,1.9638387510270447
0.03627641461446674,0.6689272291943417
2.3496038906698713,-1.1571245854694336
2.1270056044116896,-0.5506011574883948
-1.6867595730666338,-0.09937001998663597
1.7666497472268774,1.2278544218988263
2.2993861571164884,0.5114832084243027
3.7092291449303376,0.6242724996750851
-0.12899006822121103,-0.8275610253092556
0.10237689587072238,-1.7549423203720678
3.5386593745307957,0.4528665380059301
-0.7547283902992603,1.9031323472002517
1.5300287594628081,0.6367524121273992
3.907759565689024,0.4086697008294148
-0.20435297334293578,-0.5253013826440667
2.148825523724627,-0.9437807530102743
-1.6780275329920524,0.42376211901398814
1.7787916502349106,-1.3156286589264192
0.23716705603912155,0.9085993399309039
-0.3326100261529575,0.22882812226811994
-1.636500359077336,2.1020150230643413
-0.04587117741356349,-2.0314461570531064
0.5812990895190666,-1.273672286562981
-1.604279983693672,0.004686811562848401
0.2405949581993333,-2.4462596329589665
-0.09770485394120156,-0.39806509278093133
0.4640820437542171,-0.1845013204388614
-2.594763214629901,0.5666236490977965
0.7511198599972029,-1.1672800447828489
1.1665341303329022,-0.2855156355788534
0.5174535206881822,1.2429944522015983
0.5287190799359227,-1.3265100613108818
-2.2303130305008954,-0.4611457994432391
-2.156844885922534,-0.734548903490535
1.452554211361558,0.9978947245574681
2.606770819977373,1.2761126418011142
3.0849016054973406,-0.4182221901158372
-0.5655535948043195,1.4156025647213257
-1.4970992544525743,2.325372583385144
-2.4801647600720758,-0.32423611882774633
3.1992727212329384,-0.3032903881094544
-0.5746004364486652,-1.420597395257534
1.8701334174638302,-1.6389455866898646
-2.0016152956749935,1.517004009739476
-0.021810031031055405,-2.294844537534886
1.5979206524842786,0.16303958604465751
0.46773123812940665,-1.9058909102191182
-0.6979826545685288,0.9195771722337971
1.1233846952975106,-0.31382270847367644
-1.514719755742395,2.29713986463935
-1.3492130923068684,-1.1010000166025964
1.4423937557415913,0.013595055547892457
0.02138590645559166,-2.3898568419510986
2.0990239571247895,0.29423330813025056
0.3619425379718633,0.15031615501192844
0.5526740753570718,-2.54775708091527
-0.1867518118689969,0.9556242049025789
-1.748006432171318,-1.15394173870077
1.0251249631411876,-2.488096561053419
-1.7564227234626495,-0.7763246799813677
-1.62613153145408,-0.5033569674494397
-1.796139261686269,-0.3027226625061623
0.22358629041717865,1.5100727072090905
-0.4225991735407679,-1.8673855182406853
-1.8854539354233641,0.6286484314594828
-0.9658134157469985,-0.5829506927180507
-1.1191742228620427,0.7819549654170124
-0.936918480823584,-0.058000373865056465
0.07432361961863841,-1.038447458386269
2.3439886827198695,1.422518276068958
0.4216336539840814,-3.0945463907198896
-0.8923363646397339,0.002238944419238769
0.610844929345322,-2.904407537065034
-2.262794827851584,0.024048192681527088
0.7487012866955279,-1.1699024696148006
2.1511056791010823,-0.08063180708587118
-0.921352128000719,0.561680003698059
-1.9234519674488464,-1.0439498508105969
-0.2885696522694334,0.3321405168588866
0.625422644372161,1.8253799043036252
1.274653418182714,-0.5769188981772096
-1.6244486845581236,1.0468481022662806
-0.060274132650093466,-0.7530533080249757
-1.5820622575443384,1.6520008564439908
-0.06408846155349734,1.0027602891659813
-2.0959535571464687,-0.24586627023711283
-0.9178830331018879,-1.25160992213306
-0.6009379835122397,-0.08993131234885209
1.6137062824957424,-1.0664168479887577
-1.4452913031902792,-1.2308208151874782
-1.7151569715149577,-0.7102059953077413
-1.4410845552560412,1.3406460939070615
2.271973933633588,0.4252908230577406
-1.1308694549575322,1.1376557517968087
-1.5595029554748514,-0.4133284910377243
-0.8896209400294348,0.017860693073442097
3.6683258828427365,0.16806223229543882
-1.594132612870567,-0.5162928583999341
-2.0693200520693686,-0.7404307784549033
-1.3751674021795233,2.5207397658935933
-1.9848475201349063,-0.6050833671285002
-1.2608095129985948,2.166732999071172
0.435780873656068,-2.6652233330138357
1.6061116107225337,1.485121780435067
1.720339993410549,0.3149682308433809
-2.0307674406041496,0.9330560872377907
-2.5100753254748938,0.16507766916550462
-1.247433322379364,0.5764498538596445
-2.441195126135498,0.81268047685084
3.72529373597086,0.6404158448274676
1.15471454037861,0.13300514007505534
2.702315344303169,0.027528947234988024
-1.3746221631432949,0.9098980314952142
-2.757896710568208,-0.23199795027641404
-1.2057390317736938,0.6432551711780184
2.9853420732365796,1.5572626204509477
0.14027775936526599,-0.5355977273519471
2.705003521219288,0.44533678604394933
1.1533788158196103,0.1873910762205216
-2.032621287207926,-1.0526055871242421
-0.37114823100388433,-0.7242960753831089
-0.8552884303400362,1.0241130960763525
-0.4063361331304792,1.144829559594604
-1.0493358579162917,-0.2098986402337216
-1.0377289908067684,-1.5195586946139696
-0.3765992206661332,-2.3900498977988387
-1.2111703015759239,0.09731438507088583
1.189416919227124,0.6019690286729795
0.23740634751100176,0.0017385437346014768
1.3856252006605903,-0.46540309412116015
-0.8342537507105818,-2.023605053589522
0.33096856258089075,0.11336272598601237
1.7888911370011036,1.2519704463338346
-0.515572170030182,0.4641187048373164
-2.9857669278007286,-0.059868054000932334
-0.48684083950757606,-1.315896013017438
2.8607649223108007,-0.6434576678733124
1.580211222770665,0.14524333865824246
2.803476136865076,0.9593986316147283
-1.4054013220486898,0.8605816515401148
0.12179540884839954,1.2245286067698327
1.4359803884616313,0.4379777220026348
-1.0970745426480426,-0.22964134319315951
-0.83955957719424,-1.2831331383654723
0.13210736378616322,-1.8384665414782952
0.46098804358655104,1.1756284465742497
2.6754496459760153,0.0005315440791261306
0.2638846357430814,-1.2642457189390872
1.1775501301125082,0.6698017474694884
-1.1502189295288787,-0.7466182710503478
-0.9753375514602525,1.3478103303614053
-0.04938485417803584,0.169419310147009
-1.9388912199713608,-0.9259575982807422
-1.8278007060639723,-0.3534526979063301
-1.6708590761846687,2.0469632410178216
-1.1040614816560512,1.17387866301092
-1.3106049621966611,0.4752321239927491
2.836426131199263,0.5774036745431345
0.37082777171406234,1.5216360858761329
-0.50032733283227,-1.7855591835559144
-0.6851286735593181,0.26182971416185513
0.5172534304078785,1.2427557349598284
-0.21175713057864712,-1.4412811774759635
0.23965147972041673,-1.2905213873533503
1.621817510081591,-0.6545314845253782
1.0919152190654833,0.49624931387899823
1.0516941606661279,1.4267958592829089
-1.542561076541264,1.7152922302274802
-1.7791281077151118,1.873487522830146
2.2140022235063195,1.2815757963752308
-2.0791145087035496,-0.21888564631409355
-1.3930399850328608,2.4921031455920652
-1.3163061909695688,-1.5424437457344937
3.8787007491310823,0.37946842802817676
-1.2883872360473272,2.1225461688738916
0.12039814520555821,1.856552478109345
0.13192893324391114,-2.269996601102475
1.2326003761073527,-0.6191780986273036
-1.3342433993829688,-1.5666804868144952
-1.651751293670099,2.0775789789424453
0.8977050893768418,1.6966526984603267
-1.6296748507597423,-0.8650588973351735
-0.5028211080938625,1.2322777566829213
-0.7074991753294848,-0.21843250191118624
0.06156823447706375,1.1526747169972178
1.0433695881410208,0.5097179651388722
3.2389181545046433,0.9818688512108513
2.7963420742814007,-0.7081963387062462
-2.0105713558002343,-1.1835382284722051
0.957638177922299,-0.8954882554163787
-0.5511707298207185,-1.996587376200881
-1.9646232379433002,-0.47481917271684426
-1.6558925959321702,-0.6152487395547201
-0.9170689172040459,1.6430197453076718
0.2118752361765246,0.42485185212802823
2.490548293960639,0.7187576103379885
-0.22877933414818988,-0.5044245254057531
-1.7509273453779843,-0.7675196260663704
1.519799362876598,-0.33381172907485085
-0.9925893302927982,0.35268472749622065
-0.26936080988925487,0.84400299552868
-2.6416871097869876,-0.04579933308312291
-1.2244089352267766,2.225056383719135
-2.936484982133204,0.019094700145029744
2.0732981649559363,1.129012375269325
-0.4545862863226613,-1.277414793644197
2.0915198607087797,0.717433312405877
-0.876585065867935,1.4812446067073053
1.3679964673375655,1.3505864466288968
-2.7436930023555957,0.32799860997025554
1.2708718963180081,-0.16561247482210892
1.9844497052436583,-1.524068881424616
0.07063588663866191,-1.4737826050215161
2.9985475751600608,-0.5049995574025359
-0.9594544143873176,0.3974565982912785
1.2613818387196394,-1.4204685065184879
-1.3091653065867266,0.8967425454615916
-2.3340467696711484,0.4471221255344315
-2.287535545419197,-0.5528314525948163
1.993062515549712,-0.27009439758638737
1.5872275940257834,-0.26281237696992815
2.1396176413221246,-0.12282080853410492
0.32053411771155826,-2.3659285843849944
0.5871897900297827,-1.7763636915585934
2.5816970557766323,0.7365323137260328
-1.4685776153720174,-0.2904702471630974
-1.246449749001715,0.009668741011251064
-1.4967463402636507,2.3259380455631713
1.017397461325392,0.025158838713979895
-1.0800672772544924,-0.6629240060859664
-0.2175649817893865,-1.3549381415365387
-0.1784184789465335,-2.1751653218630183
-0.944280034094123,1.062181864785137
3.1173049273572344,-0.38566001610539974
2.4481159651479483,0.2414122462967675
-0.6525001359499996,1.298120470686263
-0.5774244882881074,0.9136551164933512
-1.1434518532118172,1.817532660761983
-0.8803771775116579,-0.4246841988000208
-1.2301038027791436,1.1414547933974135
0.0807730742140564,-2.1917585348724016
-0.21183073619102594,-0.05007743043387913
1.3422644488583009,0.8663137808941279
-1.3905018391144188,-0.18497432326214455
1.9895019125914883,0.5565405112266265
0.5311396958609376,1.259322711538631
-2.8958746422506563,0.08416324077374812
0.43194130966878524,-3.08418820338662
-0.9863980151679358,-1.7572363382835658
-0.8084469714846791,1.817060925673375
-1.1583834298297433,-1.6635051914009689
-1.3347660406080546,-0.10966415870628464
-0.8027817583777414,0.12146397600139833
2.1014200074636467,1.1595044914526083
2.4560862091082463,0.6103056797870954
0.30395678317216834,0.534709526790345
1.8187096162020604,-0.44530203439381694
-1.899973833481929,0.6053837018492148
0.9012650626372746,-0.11339264840902899
-1.330037140208158,-0.10327447242155689
-2.4252109792254246,-0.23618557967777337
2.818711880235439,-0.6857168683234065
1.3230157638931102,0.8433491822359037
-0.9596129285118207,-0.5192162265407367
-1.2234351575325697,0.6149012819655041
-1.530385537023405,1.734800675369424
-0.33441247240465666,-1.5876148466806577
2.2923683260965135,0.03067871226636652
0.978526021987152,-1.289604495537543
-0.11311098866008244,0.4907009364892445
1.352947739021848,-0.4982407518372698
-1.3819231880817724,2.509915204199926
0.2673856920520805,1.5692544222462586
0.2977944109710643,0.980930664187058
2.949808736647603,0.276235636715723
-1.8233222240374127,-1.0960894439196807
1.6601971748216426,-1.8499110084935273
-1.308850912185689,-1.389446928768408
3.400715451981033,1.1444593342985006
2.572706878113805,1.1426045466733645
-1.644493264598685,0.44364768767145046
-1.0340873477052457,-1.515214040813765
1.058741637887664,-0.40239351093231635
0.7518199436045224,-0.735184364116483
2.450250000414132,0.24372615056025398
-0.9263570349280821,1.0908992653978118
0.24357840169683032,1.0511785244995921
2.3995073840848735,0.18870664918400928
0.14974664257234113,-2.1224468345253116
-1.3597493508958067,0.9337282232835097
-1.2958265461483982,0.9147658674647202
-1.5919529961500019,-0.4571749589915454
1.0497449053254662,0.881861228896648
0.2737023159258038,-0.4085317770516273
-0.40780400008501966,1.62875368581945
0.6290003680167456,1.0860528577926736
-0.25399948251561866,-0.107055805372865
1.0931528667450008,1.476258071777546
1.7611934835162397,-0.9182066143371903
1.4735240811696004,1.4764859199381228
0.650151760856456,-0.41298278682973205
-1.6488628664797886,-0.5340715284180964
-0.8513737488942453,-0.9142274169408493
-0.48910911365979287,-1.6493696040415669
-1.930118294401898,-0.9141036285525231
0.012579216087922021,1.7108676308175528
0.6570150262478557,1.1239062406794402
0.4114048552628741,0.2093270571773451
-0.1459253861976047,0.9051249372822622
-1.8728844058073868,-0.9629271987303929
-0.18632448237268173,-0.8897279198549382
0.19126875220550915,-0.9116455047471844
0.23696200694493982,0.0005722250765867611
-1.0845886323475449,0.8373702588636924
-1.4584678296233633,0.20909759375884038
-1.612497842664318,-0.008480379154074118
2.0605164763216512,0.25248019119799714
-0.03930014892159027,-2.3124203979567635
-0.45463669777235877,2.0513808905128728
-0.2517491781873921,-0.10401519603737393
1.4092201745637722,-0.885047769263422
-0.12467661529386347,0.02332945147175516
-0.7039307272618857,0.7427199916763936
-0.19649189811332501,-2.470382754789122
-0.8405596201635152,-0.8307530961311065
-0.05008295879674047,0.11232323920341918
-0.047881148848918545,1.0220963857493095
-1.6644885772480913,-0.6290217826052433
0.5452256431620577,0.8225547769159897
1.9843687673835373,1.463924076869239
-0.3313102500171221,-2.340943707318172
-1.669543900488158,-0.09988330121663766
-1.4833292281780477,-1.1440347351481854
-1.4232097966195925,0.2948092990464514
2.3166955542755345,0.5302515430059188
-0.017195718352534847,0.21291324368512102
-3.0164452540807165,-0.1090228733337381
0.07673303556285435,-1.0970986582927207
0.35283260491012314,-1.0881523083766995
-2.0196736760263008,-0.1236456594720586
2.664306187633913,0.90716083748057
0.23790999545002148,-2.0338512747811777
0.4249556867939007,-1.9522718356783455
-0.001905876003250314,-1.8597363220097192
-1.224110325601005,1.0116687649827634
0.5554310643220173,1.7418766131326593
-1.9827561249939372,-0.49932031460862764
-1.1243276556898556,-1.1693018884085897
0.9622934149943084,0.8665633672170898
-2.435344658078798,-0.25242242221827293
-0.1485307237385519,-2.5740950414194037
-1.3078920095683741,-1.531074510827875
1.3419773266176975,-1.7545843955442781
2.1772493939220436,1.2417252229485112
-0.9926314537597469,2.059186961557528
-1.4916888412404727,0.722326149012428
0.41395774017632303,-3.102259934478707
-0.9385499676596799,1.3975176829763905
-1.2448834883780313,-1.445937449434123
1.619791959388927,0.637282009230977
-2.9477530280224027,0.0010403006037280054
1.5312297095768708,1.0917583440212293
0.12015426011766919,0.7689974969441096
-1.2091655261062726,-0.816944370475638
-0.18951546233068903,-2.1871976240331503
-0.06461628347737192,2.0924686428828276
1.0028648130986888,-2.51046583795399
-2.103457508238277,-0.17650441636284772
-2.8384252539251893,0.1762124053254857
-0.6601194306825982,-1.9761987728330246
-1.1496986948000898,-0.7459976062217472
-1.2413944403644945,-0.4694080369975945
1.4505167283147786,1.3164124495794962
0.4119323199796511,-2.2740823169139293
1.0483198380677297,-0.8450303110212334
-0.021423429324140177,-1.1422646296747168
-1.268420200433689,1.080061756925873
3.091429346400742,0.41855051906590857
-2.540829276223937,0.11580167936597863
1.850148022081846,0.024380650912928164
0.15973245327190466,-0.9458398677520469
-0.6964424955210252,-1.8741782582630093
1.772765396350454,-0.0763650049710788
2.234949553559147,0.010278920421793415
-0.29391847886250944,0.8108206936500596
0.5196505452054172,0.3070874098464909
-0.23691021486357947,-0.08396480114391788
2.119655444171743,-1.3882003177871567
1.7165133091378573,1.3128105098997718
-1.6252827295008405,2.1199886422944965
-0.372189933757345,0.7050603689373248
-0.17316578677135536,-1.7381333121012137
1.3598327839011852,1.3408467831647017
-0.6213861239282534,-0.6034683294932638
-0.5966507937703465,-1.9004776637437442
-1.1580336837697052,1.2569302481817126
-0.011405913594625356,-1.5627393689289033
0.4883726540556909,0.8960368077254602
1.5396696023550647,-0.31226670937705026
-0.6803832330552355,-0.6831851742454875
-0.8114890287051343,1.0832948111135203
-0.3503780430439031,0.20763003119898973
-1.340765433379884,-0.11033140473187125
-2.4761199388691875,0.21948320872285024
1.6204695661599635,0.7446526054072063
-0.6696817039198923,0.2802586852264594
-2.1606239943751344,-0.8867239219416931
-0.5219145722716991,-2.1162766888497244
-0.5720396892930234,-1.8711154430060977
-1.0280352214641184,1.4652222804736441
3.735928752306779,0.23599651411416825
-0.13235315071708634,1.029127630577929
-1.3762501888775795,0.32019000150917565
-0.4138363160321142,-0.32302720179666206
3.674194081193498,0.589065682090196
2.1080005438044505,1.597976263867249
-1.263401601536594,0.01362598272283814
1.8909916251302163,1.0673983162795497
-0.9400335476404216,1.6062243135803205
0.20291013543298436,0.5103200901377242
-1.8200807614964971,-1.092222224603015
0.16217581143093907,1.4270949191115578
-2.206931377593161,-0.9609206377299959
0.03608829026174961,-2.236662378896947
0.6741048983909264,-1.2507862786473554
1.476004383780879,0.5722987568496385
-0.4394797494294012,-0.732884006354031
2.1480095327216957,0.7158251898462109
-0.06252821315438936,0.637567521268872
-1.1553731353830479,0.7239547020136355
-2.2568478787357007,1.1080536845589828
-2.6342391874766236,0.5033726654698804
0.1353801110772758,-2.5519902791959024
0.35161719668619207,-1.1691185436624016
0.084589231766433,1.322259997240059
4.086005249896324,0.5877892062573876
0.6674206316371645,0.46731242506927567
1.4443967834714377,-0.4155696797180564
-0.510240935152849,0.0326184639120293
0.8202361065966196,-1.8637768856859651
1.5329942200024311,-0.750841321981179
-0.15196770312726335,-1.7151485297505769
1.4392277902611064,0.5284225278124071
-1.0592836868349638,1.234382382106997
2.7689297034799534,-0.3206366107800768
0.24379091979672796,0.007976718719744988
-2.4968525595768845,-0.35097440181732514
2.328077075695181,0.5425923657445157
3.012480304259179,1.169427408819106
1.4547100320138178,0.01912689820157388
0.0664083770991967,-1.1094164679680263
2.8837926637340754,-0.6203170365968594
1.482665861122752,-1.6132061577933774
1.2126868001982767,1.6188677520106363
-1.365835807151625,-0.5502863423379311
1.4879825657490096,-2.0229698723967147
-0.8649247578990509,1.1893300745301434
-1.3748467166096647,-1.6215436552592264
-0.839926825791138,-0.4128528371384022
1.4908916615716106,-1.18983354812984
-0.6148026022978769,-0.9229840966231696
1.4003702578261783,0.4820636394607735
3.0384107131714404,0.365271970388932
2.135812948233572,0.7654596808969174
1.5614006005456327,-0.7200406852294309
-0.16848791804301083,0.008487349375797515
2.8982736723908906,1.0546608970361262
-0.28240349235686674,-0.9939050318065947
-1.8692724748287008,1.7290523264997315
2.6008067827134673,0.8383093306181474
0.02299082843456026,1.1066500327840612
1.1721235338099685,-1.095057902591935
0.976058809414701,-0.024160143435595614
0.20998662512920102,1.491696850790253
0.8087524507458541,0.18921992816165245
-1.8619692741071114,-0.9454382613671183
-0.20581533780382694,-0.9108615787947856
-1.5874847234244929,-0.9370449394357364
2.9589069631385665,-0.5448345012427155
-0.29715281073969035,-1.741324174525151
0.41724741752250527,-3.0989541300106422
-0.34262327447896945,1.4889571953517637
-2.4238886389085175,0.303171611070898
2.867845764022109,1.439190304199903
2.24015482272841,0.44725951008885395
-0.7011367128480773,-0.6644149220661297
0.5640733307021576,-0.06210531579575137
-0.4313827215215644,0.6250791233733193
0.3727470046760073,-0.2903667423757324
0.8409978702098783,-0.18529428162999764
-1.4513673072644129,0.24969349527098395
-1.0637403188139736,-1.0970183076007896
-0.9076974148381075,0.4673906130075743
1.5627171832298496,-0.2872765433313911
0.22945664953429148,1.518004731562546
0.3155282891847286,-1.2082492357627033
0.8573268708116073,1.6484795590712447
-1.3388128891541853,0.43003553990613463
0.9843033458276869,0.8928222638117331
0.26309875636644764,0.9395370944642293
0.4066022801033495,-0.2499757850683355
1.615073767223178,-1.8952556264471483
-0.7815865930004139,1.3228599288557445
-0.6660004511945511,-0.16892254596819525
2.4800412045293956,-0.6109413398172924
0.7064180916689293,-0.7328334248008781
-2.0130093823459503,1.4987476594203073
2.107648121858178,-1.4002665040955928
-1.0098760153562871,-1.0327556261164443
-2.224904793071905,-0.9897188186538174
-1.226801534297074,1.1467459037775265
2.7157601490518997,0.9629516402779775
1.3334773863899902,-2.178232488913487
-0.6381821442140679,-0.9483342033320376
0.7991006805019717,-0.6839185296565614
-0.1354840089128795,1.02489721758942
0.9149687225144821,0.7357253196337613
0.41776690931203947,-0.6902289914208113
2.2835356116594046,0.925633276024958
-1.354670769510693,-0.5369659202471939
0.12649762759190086,0.4070715731369165
0.20940106553317991,-1.6473934816776963
2.816580018294035,0.9725667527458527
-1.34819249910012,1.489483817194974
-0.7983780056597249,0.1291954008764841
-0.49964250716162706,1.5046615714898408
0.611743645612445,-1.3184037032359182
-0.20856970274567002,0.4402363820756944
-0.7784185074862796,-0.32974284863497816
3.1698865440237824,0.08228585713587651
-0.9635527575165344,1.568540298430355
1.7440989193740617,0.34072969831020244
-1.918251922620005,1.65057425422065
-0.39752053838011986,-1.20933263629154
-1.4151576245815543,0.2676183067665537
3.4547193813307855,0.7836215258225211
0.26553944935390744,0.48887581637060384
1.5348713526783935,1.0961029978214336
-1.8791655883051774,1.1759624828561102
-0.7556610920842723,1.901637911444037
1.421059592809554,0.506747002259738
-0.6700831097772254,-1.0809396345867188
-1.3128519009272737,-0.48707401671737155
1.1734353662337034,0.5846404567441995
-0.6551563748665886,-1.063131328350715
-1.231154479366278,0.5162432034454076
0.4962012809142791,-2.604506724283714
-1.3086776261273139,1.0155586784751818
0.15381583901391388,-1.3835917588402695
0.8103444476996332,0.2317078653741304
0.6294324268188127,-1.2992240078963486
-0.9407119920788052,0.5306603642177016
-2.7171099135911985,-0.16664667855868187
1.3185141757150718,-0.9479496037630556
-0.21404981328935782,2.376461688598641
-0.9250473101645338,-0.04196005795029153
-0.6657999524820055,0.2848897997167876
2.2673087361429527,-0.8247166954188103
-1.0123846542341635,-1.1317852182353376
2.4964911983437093,-0.17930421898359383
-0.8852562238882322,1.6939921216412799
1.0709904119754734,0.9048974313420293
2.6516575273387724,0.8068357554135425
1.7869094018556333,-0.4772581442517759
1.2926385947585797,-0.14373906859174737
-1.0640775362720103,0.7419974299051327
-0.27627451122970303,0.34875370119917865
-1.5627895341219271,1.145642422798773
-0.44697234063864366,1.575829456661119
1.516423028834416,1.0740932681302873
0.7453459402654176,-0.6937147385954456
3.0507986170085863,-0.45249236310144125
-3.010218839461853,-0.09904650490711271
-0.39420441734207917,-1.9778023737037171
-0.9133916653294836,-0.010498915248772655
-0.5368866744490862,1.4543372836473647
-0.5940245593470538,0.8912251142938588
-1.9501101285062872,-0.9411165781562342
-1.231870859001765,-1.428354795450631
-1.2047381405145334,1.0378444453491653
0.07178530026203528,-1.9038729019928595
0.869812912734784,2.116949143400874
-1.045640611037423,-1.3901356573738115
-0.9032617552188047,-0.012523434238580586
0.03751615748786384,-0.23673998079311379
0.23249022276199074,0.5502886795187447
0.1335798540498148,-0.11152358146566979
0.7038347494141394,-2.395855365607697
-1.8687683117016676,1.729860129611199
-0.5146129619814516,-0.8954563377318293
-0.07792132210844464,0.13086085842882456
1.8115223327460193,-1.6978440029625508
-0.7606123058482291,0.6661318898635882
1.9162195308031214,-0.3353155363536678
-0.5527695343467586,1.918783883404282
0.9010492992343528,-2.612780486240593
-0.9617881865719169,1.571367609320492
-1.082568890315653,0.23110442087853944
0.5210947553574626,0.7937654775585896
-2.5419384351034107,0.11402451252074987
-0.12771717068999167,0.9268482062832852
-1.6404306556850854,1.0212407436327562
-1.7607587110484597,-0.19935759364213376
3.417271887540079,0.7459904516277175
-0.44954401125901455,-1.2713991191516059
-1.2033672813528247,-0.9039332782212004
-0.38531339755264177,0.619523629229251
-1.562237130465302,2.221004421383525
-1.6179456417963285,-0.492296200156566
2.999152289756931,-0.08928539475668189
2.2938986876078546,-1.2131028744619958
1.6324900634927904,1.0823869738676133
1.220536618754615,-1.0464074801702494
2.776666873577095,1.3475644236933761
1.0493406212350467,0.01874968955354427
-1.763687024058155,1.3609897855377733
-0.6794179353070761,1.4865612293946617
-0.10737178853841349,1.548789933195287
-2.032793433515792,-0.681905443029073
1.5611230587457914,-1.9494708197234094
0.7362993275634168,-0.7028057008826237
-1.7888908288436065,-0.8283472003598837
1.0693417149566493,0.9942770915637642
2.583449962548506,0.8194895759417871
-0.6001376319886729,-1.3384196665924286
1.592977570078513,1.165426484831292
-0.8057447282552004,-1.6963635529496424
0.15235698731195155,-1.8165101610225414
-2.1070977380370204,0.8107546961615899
0.29516129668429253,-0.3676596979175393
-2.8824386949152134,0.10569119369436082
-1.4415476424738798,-0.2718112467142526
2.357610346898939,1.0059514640153273
1.4425882325385035,-1.2383737770692569
0.17632989952442155,1.4462199111637768
-0.1472117639740545,-0.4159819624458075
-1.126140554557636,1.1440454380815364
0.9931602649274519,-2.5202179611347812
0.6480724556702686,1.3988290676287178
-0.4230912593384157,-0.3326934429032541
2.6275171965251305,0.43593446471390296
-1.507386934582111,-0.8288168738130379
1.5462027156899532,0.1261536429428463
0.49088071459940097,0.3041455456081844
-1.0734040531211915,-0.7283270723960974
-0.8373837591932903,0.6962196119129945
1.5220323333653978,-1.5736466976588697
-0.8450796965717144,-0.4198153918486572
2.2091538154215615,1.7076553259565304
1.4368329042660883,-0.829050836394995
0.6743894364264176,-1.2504777580788904
0.283187003644429,0.056357048651459504
1.990650085495845,-0.27251865419630156
-1.8423890387072697,-0.7955639312703331
0.7642432386854782,-0.2768662155727719
-1.9147254626231047,0.07851016660073387
1.3505485948951057,1.329770303146598
-0.7256839462766709,1.1992345670798559
-0.7629295498141285,-1.946269231094314
1.1332657031432527,-1.184261300579656
0.7196300219260239,-1.1346632086808601
-1.350714403893402,0.8406014397599147
1.1561685986809853,-1.111091054262049
0.5480543612377409,1.4625861876321302
-1.1720283616497118,-0.31906482196000857
-2.175210176499246,0.7016204958023116
-2.1993397633091885,-0.7919679464491574
-0.43617675523801863,0.1052680779282347
0.9247156434888381,-0.0854149876736453
1.5770231659190048,-1.9334927647944302
0.3871935229139157,-0.2731313575199756
-2.8143881889523112,-0.322512288916363
-1.3703526443163536,2.528454285608109
1.7257349546034726,0.7521545008894179
1.1826466908626598,0.1632915758793622
-2.2453370916864936,-0.4852183321649746
0.2577558064986125,-0.83955453191588
3.530327132337204,0.8595999318468747
-0.49631740375513067,1.2426984168208535
-1.938858502545943,1.0803185944583418
1.9598848577696073,0.14336675015090147
1.2902382298028285,0.7112881500990516
0.7760485652233812,-0.26278189830837245
-2.448429867008429,0.8010885022012793
-0.04259958231339194,0.12125126404559768
-1.5143343577298143,0.6195182943083357
-0.9090138233581299,1.1186876924322986
2.3583916379563994,0.144125427040827
-1.1538943079390964,1.106544589610479
-1.2899553555054988,-0.5350235051214537
-2.367773107086578,-0.6813933177848911
1.4172593240563047,-0.8487203729799802
0.4917619286972202,1.2123431583583963
1.6570190190323553,0.6776467836051383
0.05719027592156391,-2.351034670419262
1.6265392383126596,-0.2233080135765548
0.47355733518139226,-2.6272616783722262
-0.5814905893613633,-2.0270558740482105
-1.7377363149856617,1.939808158281639
-0.8705842543259975,1.489352898268615
-1.0038490833362423,2.041213342327372
1.0111988859175407,-1.3166166244511093
-0.08627055447248938,0.6054868894393425
-0.1859834603143536,0.8573337454800114
-1.146099775555819,1.117076555279789
-1.9996216755400993,0.44572141686763544
-0.5762169718326919,-0.5424358087736231
0.6090388209717287,-2.0760095325357195
-0.25751219871819614,-1.7014892306849716
-0.8310237249721126,0.085084532110881
0.650736617956144,-1.7074607646014266
3.3384308942266516,1.0818694363698087
-1.3652310370107403,0.3877066568652302
-1.4589899164979243,0.6942996572406318
-2.5374513832728125,0.12121396021281174
-1.5242210549038648,1.2074393608260474
1.4244091750183239,0.42543121888506114
-1.6581255429928687,0.42522776445064914
-1.4751018743610707,0.7489028713797133
0.402657989612631,0.18023403611266203
-1.9033380344633217,0.06275490849909941
0.33434095344389564,0.6879093020511909
2.3506753265539118,1.4297685094278838
0.3411723500118822,-0.7816099515701699
-2.3612189864351425,-0.6708918773358119
3.3630470392838445,0.6914997746457844
2.230577219944059,-0.031415314992115695
0.9084356091795942,0.297304967313865
0.8005408408292487,1.1271579774138518
-2.3584849893625415,-0.12927283787503113
-2.8996306575470556,0.0781451075933142
0.6410998304192391,1.1024016413211841
-0.2024387159541704,0.9344280731580681
2.790214268338756,1.0436811890263002
0.6776850002906937,0.5270119625241753
-0.5342779031278538,1.9437697601176653
0.44825825624682536,1.3277417736233934
-0.8595277703040395,-0.39980986220764064
0.6250517982232886,-1.2297050871377206
0.6438602820984407,-1.714916678339329
2.1718905942536266,1.2359147522424216
-1.0502172433096453,1.246632953052889
-0.9739678009995929,1.3496611360438782
2.459264623459485,0.19839319227951582
0.512381186738703,-0.9948044224797185
-1.8773505657355585,-0.3568964106621447
-0.31299969704053776,-2.1723552312063714
-1.0496535546483692,-0.6266389853370047
1.1498524937321621,-0.7349398881739988
0.20050497687756355,-0.47029420702687114
0.9961545315610153,-0.9015924152398032
0.0013410601057279152,1.0808208272246027
-1.11613555213011,0.24958527158253616
-1.8751652104444823,-0.8398510672437908
-0.6597807815091212,1.5180251605863269
-0.33359781578246,-1.912087492620688
-1.5648856179974882,-0.7877622544502144
0.8197522110378987,-1.5241995469332605
-2.1787025940455087,1.233263166836467
0.4993036985875178,-1.440320747874308
0.7384336346875446,1.96020740245503
-1.1889205068292732,0.5733097119883208
0.265396846924028,0.5947520827000571
1.4748038420990583,0.5708664533990216
-0.6914519348491488,-0.19928737912127362
-1.352278396212203,2.557414027154224
-2.175524190562086,0.16387891127657575
-1.7008269544356462,-0.9499467485084023
3.605331775830156,0.9349722737187502
0.9290784284639372,0.8269363050833555
1.625803419658748,1.0751367405086878
0.6222265069999837,0.4183090747780967
0.7248370706407423,-1.5445371167664663
1.123166000358275,1.0584920295997555
1.0949536792677317,1.4784065269534712
1.489116678049467,-0.36708053037431887
-0.8219898945530004,0.09729103625480906
-0.9185446822421747,2.1778936287876975
-0.9812073562268407,0.3680640413815308
-0.3508609622985022,0.7338800574215452
-1.1328040959095516,-1.4846457915135673
-2.2508035220778053,-0.3755982276345709
0.9767007320406403,1.7908982655109194
0.8354516030761088,0.21816944150261128
0.08184135459633726,-0.167622904831542
0.31036008057412046,0.9959221069701816
-0.48281414435923714,1.5274000413030793
0.7066180548225713,0.5615304756840427
2.7998411385395405,1.0541194682593633
-1.2983790063660987,0.49482134944583944
2.876337668832799,-0.21270209489776437
0.9982296293368063,0.9094369838388893
1.5842684914976228,0.14932049750218893
-0.5715872966277257,1.8933573386712617
-1.9784353080180725,1.0169060502081317
0.5951476865994668,1.5262186496676253
0.9387252713977141,-0.9638621499749741
-0.0983053450130951,1.5610405041411786
-0.3454792454239578,-0.23066318488087378
1.9896688825646305,1.9010075067257874
-0.08514000120262956,-1.2902209068842339
1.6296559446192878,0.6479773889377614
2.9838062399659906,0.8222536365267347
-0.2866296881714686,-0.16988828401646544
-1.1843054803334532,-1.540488014405719
1.7166996834364876,-0.12031549569712208
-0.8949728802702471,1.1411850090866722
-2.027183530835988,-1.210155340995064
-1.554024230807475,0.07998186400537688
0.14124255036492597,-0.5665625911030259
1.2082567637456052,-0.6436410516909824
-1.0067137720630086,-0.12183663681006028
-0.3993601436621853,0.1491920504138201
-1.5739828974551338,-0.9188012834227899
-0.5915454089248595,-0.07724007338332393
-1.5491908216617545,1.7046696193116808
0.8057960167604558,1.3249389912375635
1.7574247840362314,0.35517874493330953
-0.35194038095923813,-1.6085264770596646
-1.9395621551406783,0.004714254940149427
-0.6036127102281802,-0.5480641384276829
-0.5128930024353261,-1.8005506263390378
-1.7928502847306043,0.2431878055388546
-2.3477211066003765,-0.11202624144519704
-2.2877372106700102,-0.5531545738394033
2.3211546099590104,0.47471259985530784
0.9183808018600957,-0.9859213706202162
-0.44922386681052906,-1.271017171564775
-0.9150682540159668,0.9433386480770014
-1.3462356033081975,-0.11909606849129528
-1.950351246059195,-0.012572731645258023
-1.1904744052111988,0.1304747027966324
-1.6441960113849936,-0.596507707368671
-0.8659191942622022,-0.9338812106166325
-0.6659687944626279,0.3081066168488604
1.8165164979712725,-0.4475059040391934
1.1777506288250539,1.123614093154471
0.6752566890945805,0.044472361456858046
0.03435554792355372,0.6666355436733548
-1.3441109535542604,2.57050043756
-0.9397239546496586,-0.49548773270885
-1.7860675153322187,-0.8238235029356649
0.28385531068620207,1.5915081572378964
-1.0655454032265508,1.2259215561299783
-0.06939061126721971,-0.3316015869706504
1.75300318300471,0.7817210553673066
