Product,Quantity,UnitPrice,ShippingAddress,PaymentMethod,OrderStatus,TrackingNumber,ItemsInCart,CouponCode,ReferralSource,TotalPrice,Fraud,Year,Month,Day,DayOfWeek,PricePerItem,LargeCart,HighValueOrder,CouponUsed,WeekendOrder
3,5,570.62,596,2,4,359,7,1,3,2853.1,1,2023,1,4,2,570.62,1,1,1,0
4,2,151.35,512,4,4,1074,3,1,4,302.7,0,2024,8,23,4,151.35,0,0,1,0
6,5,550.68,294,1,0,416,8,0,0,2753.4,1,2024,2,27,1,550.6800000000001,1,1,1,0
0,1,273.19,124,2,3,691,5,1,1,273.19,0,2023,10,15,6,273.19,1,0,1,1
5,4,626.01,407,4,1,245,8,1,0,2504.04,0,2025,5,8,3,626.01,1,1,1,0
4,2,245.86,601,1,4,842,4,1,3,491.72,0,2023,10,23,0,245.86,0,0,1,0
2,1,664.42,642,3,3,1148,6,1,1,664.42,0,2025,6,17,1,664.42,1,0,1,0
3,5,149.55,430,0,4,904,9,0,1,747.75,0,2023,5,12,4,149.55,1,0,1,0
4,2,134.28,574,3,0,665,2,0,0,268.56,0,2025,4,2,2,134.28,0,0,1,0
1,4,509.38,2,1,4,312,6,1,2,2037.52,0,2023,11,21,1,509.38,1,0,1,0
6,5,625.97,164,1,3,1184,9,2,3,3129.85,1,2023,12,29,4,625.97,1,1,1,0
3,3,49.14,518,4,3,495,7,1,0,147.42,0,2024,2,17,5,49.13999999999999,1,0,1,1
3,2,180.5,59,2,2,130,6,0,4,361.0,0,2024,10,15,1,180.5,1,0,1,0
2,3,201.49,573,1,3,951,4,0,1,604.47,0,2023,8,30,2,201.49,0,0,1,0
6,2,393.33,636,2,2,910,3,1,3,786.66,0,2023,3,27,0,393.33,0,0,1,0
5,1,473.96,606,0,1,583,3,0,2,473.96,0,2023,7,17,0,473.96,0,0,1,0
5,2,533.81,583,1,2,46,3,0,0,1067.62,0,2023,1,24,1,533.81,0,0,1,0
6,1,423.4,199,2,4,21,3,0,4,423.4,0,2024,3,2,5,423.4,0,0,1,1
1,1,431.44,565,3,2,725,3,1,1,431.44,0,2025,3,26,2,431.44,0,0,1,0
3,5,224.0,122,0,3,636,9,1,2,1120.0,0,2023,1,23,0,224.0,1,0,1,0
0,5,62.51,350,0,2,87,9,2,3,312.55,0,2023,5,8,0,62.510000000000005,1,0,1,0
3,4,342.95,340,0,1,554,6,0,2,1371.8,0,2024,11,17,6,342.95,1,0,1,1
3,2,49.62,382,4,2,880,2,1,2,99.24,0,2023,1,29,6,49.62,0,0,1,1
4,4,273.25,462,2,0,340,5,0,4,1093.0,0,2025,4,9,2,273.25,1,0,1,0
2,2,230.95,616,4,1,237,3,2,4,461.9,0,2024,10,30,2,230.95,0,0,1,0
3,1,399.98,432,2,1,802,3,2,0,399.98,0,2024,7,24,2,399.98,0,0,1,0
2,5,59.55,138,4,1,931,6,0,4,297.75,0,2024,3,6,2,59.55,1,0,1,0
5,1,472.74,556,4,4,1043,6,2,2,472.74,0,2024,2,22,3,472.74,1,0,1,0
4,4,160.07,339,4,2,736,5,0,0,640.28,0,2023,11,21,1,160.07,1,0,1,0
1,3,423.53,597,1,1,644,6,1,4,1270.59,0,2024,9,20,4,423.53,1,0,1,0
3,2,426.7,569,4,2,581,5,1,4,853.4,0,2025,3,22,5,426.7,1,0,1,1
0,3,500.08,651,2,3,272,6,0,1,1500.24,0,2023,6,30,4,500.08,1,0,1,0
6,5,536.72,517,0,1,1190,10,0,0,2683.6,0,2023,5,1,0,536.72,1,1,1,0
0,1,162.77,581,4,0,848,4,2,1,162.77,0,2023,6,5,0,162.77,0,0,1,0
0,4,576.52,594,1,2,593,5,2,1,2306.08,0,2023,1,7,5,576.52,1,0,1,1
3,2,465.15,22,4,4,472,2,1,1,930.3,0,2024,12,7,5,465.15,0,0,1,1
2,2,534.43,261,2,2,530,5,0,1,1068.86,0,2025,5,8,3,534.43,1,0,1,0
2,2,76.74,222,0,3,1120,7,1,3,153.48,0,2024,10,14,0,76.74,1,0,1,0
2,1,245.89,323,2,1,70,3,1,2,245.89,0,2024,12,19,3,245.89,0,0,1,0
5,3,256.46,405,1,1,990,4,1,4,769.38,0,2025,2,27,3,256.46,0,0,1,0
1,2,344.02,119,4,1,908,4,0,3,688.04,0,2023,8,20,6,344.02,0,0,1,1
3,3,611.45,398,3,2,804,4,0,3,1834.35,0,2023,12,5,1,611.4499999999999,0,0,1,0
5,2,151.66,636,0,0,389,6,0,3,303.32,0,2024,5,6,0,151.66,1,0,1,0
0,3,499.21,551,4,0,129,8,0,3,1497.63,0,2023,12,14,3,499.21000000000004,1,0,1,0
4,2,550.18,651,3,3,853,3,0,4,1100.36,0,2025,4,21,0,550.18,0,0,1,0
0,1,317.25,44,2,3,477,1,1,1,317.25,0,2024,2,10,5,317.25,0,0,1,1
3,4,550.14,87,2,2,197,4,0,3,2200.56,0,2024,6,26,2,550.14,0,0,1,0
1,2,209.94,157,1,3,410,3,0,0,419.88,0,2023,7,19,2,209.94,0,0,1,0
3,2,80.77,260,2,4,370,4,0,2,161.54,0,2023,8,26,5,80.77,0,0,1,1
5,1,30.44,382,1,4,566,1,1,0,30.44,0,2023,10,7,5,30.44,0,0,1,1
6,1,179.22,246,4,0,65,6,0,3,179.22,0,2023,7,31,0,179.22,1,0,1,0
6,1,388.33,238,0,3,769,2,1,1,388.33,0,2024,12,30,0,388.33,0,0,1,0
6,1,586.44,93,4,3,709,5,1,1,586.44,0,2024,9,8,6,586.44,1,0,1,1
4,4,488.78,294,4,3,1129,5,0,2,1955.12,0,2024,5,18,5,488.78,1,0,1,1
0,1,280.25,377,4,2,14,5,2,0,280.25,0,2025,3,27,3,280.25,1,0,1,0
5,3,344.4,337,4,0,764,3,0,1,1033.2,0,2025,6,24,1,344.40000000000003,0,0,1,0
6,3,479.21,338,0,0,692,5,2,4,1437.63,0,2023,5,21,6,479.21000000000004,1,0,1,1
5,5,314.27,529,0,3,549,6,1,3,1571.35,0,2023,1,22,6,314.27,1,0,1,1
4,4,474.69,74,3,0,815,6,1,2,1898.76,0,2023,1,15,6,474.69,1,0,1,1
0,4,593.27,501,4,4,476,5,0,1,2373.08,0,2024,9,11,2,593.27,1,0,1,0
1,1,417.1,383,2,3,181,3,0,4,417.1,0,2024,8,21,2,417.1,0,0,1,0
1,4,122.2,4,0,1,426,7,0,1,488.8,0,2024,3,24,6,122.2,1,0,1,1
1,2,43.15,421,2,2,22,3,2,0,86.3,0,2023,8,22,1,43.15,0,0,1,0
0,1,564.86,503,2,4,708,6,2,4,564.86,0,2025,2,2,6,564.86,1,0,1,1
5,3,130.61,460,2,0,597,4,0,1,391.83,0,2025,6,25,2,130.60999999999999,0,0,1,0
3,5,81.7,201,1,1,53,6,0,3,408.5,1,2023,12,30,5,81.7,1,0,1,1
0,5,127.18,435,0,0,78,9,1,4,635.9,0,2024,11,15,4,127.17999999999999,1,0,1,0
5,4,12.1,243,2,0,589,8,0,2,48.4,0,2024,12,9,0,12.1,1,0,1,0
0,3,490.92,432,1,2,945,5,0,0,1472.76,0,2023,12,11,0,490.92,1,0,1,0
3,3,478.65,326,4,4,329,4,0,4,1435.95,0,2023,5,11,3,478.65000000000003,0,0,1,0
1,1,629.21,200,3,2,231,2,0,3,629.21,0,2023,5,26,4,629.21,0,0,1,0
3,3,434.45,592,1,2,234,4,0,4,1303.35,0,2025,6,10,1,434.45,0,0,1,0
6,4,589.44,606,3,3,1024,5,0,1,2357.76,0,2024,12,22,6,589.44,1,0,1,1
3,4,433.45,23,3,0,919,4,0,1,1733.8,0,2023,5,3,2,433.45,0,0,1,0
4,5,90.87,376,0,2,717,5,0,3,454.35,0,2023,6,24,5,90.87,1,0,1,1
6,3,398.17,586,2,1,71,5,1,0,1194.51,0,2023,9,26,1,398.17,1,0,1,0
2,4,382.88,97,0,0,363,6,2,0,1531.52,0,2024,3,31,6,382.88,1,0,1,1
4,1,583.18,174,1,3,927,5,0,2,583.18,0,2024,5,24,4,583.18,1,0,1,0
5,4,175.36,33,2,1,786,4,0,3,701.44,0,2024,8,6,1,175.36,0,0,1,0
6,2,311.91,3,4,4,43,2,0,1,623.82,0,2025,3,10,0,311.91,0,0,1,0
4,3,589.56,353,4,3,240,6,0,1,1768.68,0,2023,6,27,1,589.5600000000001,1,0,1,0
3,2,394.3,283,0,4,647,6,0,0,788.6,0,2023,6,8,3,394.3,1,0,1,0
6,4,565.2,628,2,4,756,9,1,2,2260.8,0,2024,1,5,4,565.2,1,0,1,0
2,4,540.41,645,1,0,867,6,0,4,2161.64,0,2023,8,22,1,540.41,1,0,1,0
3,2,165.49,624,4,4,317,4,2,3,330.98,0,2023,8,28,0,165.49,0,0,1,0
6,3,146.73,469,0,1,1114,8,0,0,440.19,0,2024,9,9,0,146.73,1,0,1,0
5,5,643.03,247,4,0,1113,5,0,4,3215.15,0,2024,6,19,2,643.03,1,1,1,0
6,3,225.11,584,0,4,474,4,1,1,675.33,0,2024,10,10,3,225.11,0,0,1,0
1,3,114.81,153,3,0,124,7,0,2,344.43,0,2025,6,5,3,114.81,1,0,1,0
5,5,455.33,134,1,0,905,8,0,2,2276.65,0,2025,2,25,1,455.33000000000004,1,0,1,0
0,4,182.08,369,3,1,336,4,1,0,728.32,0,2023,9,18,0,182.08,0,0,1,0
2,5,492.75,69,0,4,392,6,2,4,2463.75,0,2023,3,15,2,492.75,1,0,1,0
5,4,48.61,75,4,4,470,7,0,1,194.44,0,2024,6,10,0,48.61,1,0,1,0
1,4,431.01,524,1,3,737,7,0,4,1724.04,0,2023,1,14,5,431.01,1,0,1,1
0,1,531.18,477,3,3,35,6,2,3,531.18,0,2023,2,11,5,531.18,1,0,1,1
5,4,117.51,526,2,3,653,7,0,4,470.04,0,2023,3,24,4,117.51,1,0,1,0
4,2,232.83,3,3,1,993,7,0,3,465.66,0,2024,6,1,5,232.83,1,0,1,1
6,5,619.52,591,2,2,386,9,0,0,3097.6,1,2025,1,21,1,619.52,1,1,1,0
5,2,228.54,310,2,2,585,3,0,0,457.08,0,2023,1,14,5,228.54,0,0,1,1
5,1,201.58,436,2,0,543,2,2,0,201.58,0,2025,4,12,5,201.58,0,0,1,1
4,3,664.79,455,4,1,569,6,0,1,1994.37,0,2023,2,17,4,664.79,1,0,1,0
5,1,381.02,39,0,4,114,6,0,2,381.02,0,2023,11,25,5,381.02,1,0,1,1
2,2,70.34,608,3,0,480,3,0,0,140.68,0,2023,3,8,2,70.34,0,0,1,0
4,4,218.43,296,1,0,1004,9,1,0,873.72,0,2025,1,25,5,218.43,1,0,1,1
4,1,582.04,391,3,1,378,1,0,0,582.04,0,2024,7,30,1,582.04,0,0,1,0
5,3,185.4,500,3,0,791,7,0,1,556.2,0,2024,10,24,3,185.4,1,0,1,0
1,3,465.05,20,1,0,1152,3,1,0,1395.15,0,2023,9,8,4,465.05,0,0,1,0
5,5,670.75,533,3,4,318,8,0,3,3353.75,1,2023,3,27,0,670.75,1,1,1,0
2,5,48.38,302,3,1,236,9,2,0,241.9,0,2024,12,28,5,48.38,1,0,1,1
1,3,592.87,25,3,4,110,3,0,4,1778.61,0,2023,9,17,6,592.87,0,0,1,1
6,1,220.77,204,3,2,287,5,0,3,220.77,0,2024,4,21,6,220.77,1,0,1,1
1,3,309.22,375,4,0,866,7,0,2,927.66,0,2025,5,7,2,309.21999999999997,1,0,1,0
3,1,410.6,230,4,0,93,2,2,4,410.6,0,2023,1,1,6,410.6,0,0,1,1
2,5,190.08,363,0,4,858,9,0,3,950.4,0,2024,1,17,2,190.07999999999998,1,0,1,0
3,5,498.48,11,4,2,248,8,1,2,2492.4,0,2025,1,27,0,498.48,1,0,1,0
4,5,374.99,17,4,4,185,9,1,1,1874.95,0,2023,11,27,0,374.99,1,0,1,0
5,4,291.35,7,1,0,754,6,2,1,1165.4,0,2023,3,19,6,291.35,1,0,1,1
6,1,535.5,355,3,0,950,5,2,4,535.5,0,2023,3,8,2,535.5,1,0,1,0
5,5,502.71,497,3,4,677,7,0,2,2513.55,0,2023,10,9,0,502.71000000000004,1,1,1,0
1,2,534.67,64,2,4,482,7,0,4,1069.34,0,2025,6,11,2,534.67,1,0,1,0
6,4,629.34,642,0,0,745,4,2,3,2517.36,0,2023,4,11,1,629.34,0,1,1,0
1,1,410.78,412,0,0,188,1,0,3,410.78,0,2023,11,30,3,410.78,0,0,1,0
2,2,533.02,351,3,4,258,2,0,1,1066.04,0,2024,4,15,0,533.02,0,0,1,0
1,3,278.04,444,4,1,681,5,0,3,834.12,0,2023,7,6,3,278.04,1,0,1,0
5,4,283.79,335,4,2,988,8,0,2,1135.16,0,2024,7,28,6,283.79,1,0,1,1
4,2,512.65,463,1,4,949,5,1,0,1025.3,0,2024,11,6,2,512.65,1,0,1,0
1,4,275.5,177,3,4,783,8,0,2,1102.0,0,2025,5,3,5,275.5,1,0,1,1
1,3,469.32,187,2,4,855,3,0,2,1407.96,0,2023,8,10,3,469.32,0,0,1,0
6,4,21.07,101,3,1,399,4,0,2,84.28,0,2023,2,17,4,21.07,0,0,1,0
2,4,263.93,232,2,4,835,4,0,1,1055.72,0,2023,10,27,4,263.93,0,0,1,0
1,3,501.3,295,4,0,1031,3,2,1,1503.9,0,2025,1,22,2,501.3,0,0,1,0
6,1,84.8,364,3,2,540,5,0,3,84.8,0,2023,1,8,6,84.8,1,0,1,1
6,4,450.75,347,1,4,44,6,2,0,1803.0,0,2023,3,28,1,450.75,1,0,1,0
0,4,302.05,384,2,0,797,6,1,2,1208.2,0,2025,6,20,4,302.05,1,0,1,0
2,2,199.7,347,0,2,98,4,0,0,399.4,0,2025,6,23,0,199.7,0,0,1,0
5,2,68.81,387,3,4,1013,5,1,4,137.62,0,2023,8,4,4,68.81,1,0,1,0
2,1,44.35,356,3,0,777,1,1,3,44.35,0,2024,4,27,5,44.35,0,0,1,1
3,2,250.98,359,1,1,24,5,0,2,501.96,0,2024,11,26,1,250.98,1,0,1,0
6,1,298.06,269,2,2,280,3,2,2,298.06,0,2023,12,21,3,298.06,0,0,1,0
4,1,583.9,434,0,3,302,1,0,0,583.9,0,2023,4,10,0,583.9,0,0,1,0
0,3,528.14,204,4,1,368,3,0,0,1584.42,0,2025,5,31,5,528.14,0,0,1,1
5,3,684.14,38,0,0,746,3,2,3,2052.42,0,2023,11,18,5,684.14,0,0,1,1
1,5,272.77,342,0,2,915,7,2,0,1363.85,0,2023,9,6,2,272.77,1,0,1,0
0,4,400.07,600,4,4,322,5,0,4,1600.28,0,2024,6,13,3,400.07,1,0,1,0
1,5,219.78,569,1,2,929,8,0,1,1098.9,1,2023,8,4,4,219.78000000000003,1,0,1,0
5,3,146.91,489,1,1,246,6,0,2,440.73,0,2024,3,2,5,146.91,1,0,1,1
6,2,411.49,219,1,3,794,4,0,3,822.98,0,2025,4,30,2,411.49,0,0,1,0
2,2,465.18,567,1,0,82,2,1,2,930.36,0,2025,5,6,1,465.18,0,0,1,0
4,2,319.91,29,1,0,610,3,2,2,639.82,0,2024,12,15,6,319.91,0,0,1,1
2,1,217.56,54,2,1,478,3,0,1,217.56,0,2023,12,27,2,217.56,0,0,1,0
4,2,105.57,637,2,3,251,5,2,2,211.14,0,2023,12,13,2,105.57,1,0,1,0
5,5,444.76,610,2,3,1076,7,0,0,2223.8,0,2023,12,1,4,444.76000000000005,1,0,1,0
0,2,399.04,400,0,0,1062,3,0,4,798.08,0,2025,1,2,3,399.04,0,0,1,0
0,4,534.48,240,4,3,1142,9,2,3,2137.92,0,2024,12,18,2,534.48,1,0,1,0
4,4,408.21,444,1,2,56,9,0,3,1632.84,0,2023,7,20,3,408.21,1,0,1,0
4,1,424.4,246,4,4,138,6,2,4,424.4,0,2023,2,27,0,424.4,1,0,1,0
0,2,269.83,393,4,1,191,4,1,0,539.66,0,2024,11,8,4,269.83,0,0,1,0
3,2,564.58,384,4,3,824,4,2,1,1129.16,0,2025,2,21,4,564.58,0,0,1,0
6,1,331.06,450,1,2,467,5,2,3,331.06,0,2024,5,16,3,331.06,1,0,1,0
5,1,299.35,509,1,0,528,5,2,0,299.35,0,2023,10,31,1,299.35,1,0,1,0
3,4,101.32,98,0,2,946,7,0,4,405.28,0,2023,2,17,4,101.32,1,0,1,0
3,1,211.14,295,1,0,570,1,1,1,211.14,0,2024,3,29,4,211.14,0,0,1,0
0,3,65.86,586,4,2,928,8,2,2,197.58,0,2023,7,27,3,65.86,1,0,1,0
6,1,641.39,126,4,0,86,1,0,4,641.39,0,2025,6,24,1,641.39,0,0,1,0
1,5,536.58,406,3,2,515,5,1,2,2682.9,0,2023,12,28,3,536.58,1,1,1,0
3,2,500.29,89,4,3,255,7,2,2,1000.58,0,2024,9,14,5,500.29,1,0,1,1
0,3,86.29,337,0,1,186,6,2,3,258.87,0,2025,3,4,1,86.29,1,0,1,0
0,2,384.14,86,4,3,441,2,2,0,768.28,0,2023,5,27,5,384.14,0,0,1,1
5,1,594.96,554,0,3,901,6,0,1,594.96,0,2025,1,4,5,594.96,1,0,1,1
5,1,427.82,448,4,1,906,2,2,0,427.82,0,2024,4,7,6,427.82,0,0,1,1
1,4,662.94,312,0,0,788,8,1,3,2651.76,0,2025,4,4,4,662.94,1,1,1,0
6,2,148.22,165,1,1,762,7,2,3,296.44,0,2023,8,15,1,148.22,1,0,1,0
5,1,254.12,187,4,1,421,1,2,0,254.12,0,2025,4,6,6,254.12,0,0,1,1
4,3,664.46,496,4,1,613,4,0,2,1993.38,0,2024,3,24,6,664.46,0,0,1,1
5,4,600.81,484,2,1,638,9,1,0,2403.24,0,2024,4,16,1,600.81,1,0,1,0
0,5,68.34,163,2,2,825,6,2,4,341.7,0,2025,2,8,5,68.34,1,0,1,1
6,4,430.83,327,3,2,1029,8,2,4,1723.32,0,2025,6,28,5,430.83,1,0,1,1
0,5,431.69,178,1,2,41,10,0,1,2158.45,1,2023,8,5,5,431.68999999999994,1,0,1,1
0,4,512.06,130,4,1,519,5,1,2,2048.24,0,2024,4,11,3,512.06,1,0,1,0
2,3,539.91,286,1,1,61,8,0,0,1619.73,0,2024,11,24,6,539.91,1,0,1,1
6,5,316.07,627,0,3,111,10,0,2,1580.35,0,2023,3,18,5,316.07,1,0,1,1
5,5,404.39,104,4,4,94,10,0,4,2021.95,0,2024,8,31,5,404.39,1,0,1,1
1,1,600.54,357,2,2,1145,4,2,2,600.54,0,2025,3,19,2,600.54,0,0,1,0
3,5,186.28,113,2,1,85,8,1,0,931.4,0,2024,4,18,3,186.28,1,0,1,0
6,4,214.54,92,3,0,373,7,0,4,858.16,0,2024,4,4,3,214.54,1,0,1,0
2,1,210.7,341,4,4,1153,2,2,4,210.7,0,2025,2,2,6,210.7,0,0,1,1
4,2,133.55,156,0,2,749,7,0,1,267.1,0,2023,12,7,3,133.55,1,0,1,0
0,1,590.87,420,3,3,909,6,0,4,590.87,0,2023,2,8,2,590.87,1,0,1,0
0,2,363.91,595,3,4,119,2,0,4,727.82,0,2025,3,15,5,363.91,0,0,1,1
5,5,429.45,358,3,0,690,5,2,0,2147.25,0,2023,7,5,2,429.45,1,0,1,0
5,3,223.7,442,0,3,922,3,1,0,671.1,0,2024,8,31,5,223.70000000000002,0,0,1,1
2,2,488.87,288,4,0,627,4,0,2,977.74,0,2025,3,8,5,488.87,0,0,1,1
1,1,645.46,38,3,0,122,5,1,2,645.46,0,2023,8,11,4,645.46,1,0,1,0
5,1,46.66,234,0,0,941,6,0,2,46.66,0,2023,7,21,4,46.66,1,0,1,0
3,1,249.57,571,0,4,1060,3,0,2,249.57,0,2024,6,8,5,249.57,0,0,1,1
0,3,619.21,492,2,0,728,6,0,0,1857.63,0,2024,4,22,0,619.21,1,0,1,0
1,4,217.13,438,0,1,707,8,2,0,868.52,0,2025,1,24,4,217.13,1,0,1,0
2,5,221.51,441,0,3,1132,5,2,4,1107.55,0,2023,8,27,6,221.51,1,0,1,1
2,4,340.3,594,0,0,1126,8,1,4,1361.2,0,2024,6,11,1,340.3,1,0,1,0
4,1,625.0,181,4,3,148,5,2,2,625.0,0,2025,1,23,3,625.0,1,0,1,0
6,5,433.26,569,1,1,355,9,1,2,2166.3,0,2025,6,7,5,433.26000000000005,1,0,1,1
3,2,674.9,33,4,4,873,4,1,1,1349.8,0,2023,6,18,6,674.9,0,0,1,1
3,3,253.98,384,1,0,552,3,0,0,761.94,0,2025,2,6,3,253.98000000000002,0,0,1,0
5,3,356.84,53,4,4,1055,5,1,3,1070.52,0,2025,1,21,1,356.84,1,0,1,0
2,4,413.71,269,3,0,157,9,0,1,1654.84,0,2023,9,5,1,413.71,1,0,1,0
1,3,147.39,367,2,3,624,3,0,0,442.17,0,2023,3,4,5,147.39000000000001,0,0,1,1
2,4,229.1,446,3,3,895,8,2,0,916.4,0,2024,4,16,1,229.1,1,0,1,0
4,1,121.96,654,2,1,444,3,0,2,121.96,0,2025,3,18,1,121.96,0,0,1,0
1,2,408.32,358,4,4,244,3,0,1,816.64,0,2024,10,8,1,408.32,0,0,1,0
6,5,187.97,430,0,3,261,9,1,2,939.85,0,2023,8,29,1,187.97,1,0,1,0
0,3,358.48,295,3,1,10,7,0,1,1075.44,0,2024,12,5,3,358.48,1,0,1,0
5,3,193.58,63,3,2,977,7,0,0,580.74,0,2025,1,3,4,193.58,1,0,1,0
3,1,265.38,189,1,0,323,6,2,0,265.38,0,2023,6,20,1,265.38,1,0,1,0
2,1,634.4,152,0,0,582,6,1,0,634.4,0,2023,4,20,3,634.4,1,0,1,0
1,4,305.72,412,4,1,1051,5,0,1,1222.88,0,2024,8,21,2,305.72,1,0,1,0
5,1,303.6,236,0,4,193,5,0,1,303.6,0,2023,8,10,3,303.6,1,0,1,0
3,4,496.0,501,4,0,984,8,2,2,1984.0,0,2025,4,15,1,496.0,1,0,1,0
1,4,321.51,578,0,3,731,9,0,2,1286.04,0,2024,5,20,0,321.51,1,0,1,0
6,3,112.46,557,3,4,13,6,1,3,337.38,0,2023,4,28,4,112.46,1,0,1,0
2,5,61.97,254,0,1,1191,6,1,0,309.85,0,2025,5,2,4,61.970000000000006,1,0,1,0
2,2,373.17,284,1,2,1131,6,1,4,746.34,0,2023,7,18,1,373.17,1,0,1,0
6,5,639.37,326,2,2,520,6,1,2,3196.85,1,2024,2,23,4,639.37,1,1,1,0
0,4,693.36,598,4,4,96,8,0,3,2773.44,0,2023,5,4,3,693.36,1,1,1,0
4,4,692.91,412,1,2,588,9,1,3,2771.64,1,2024,9,11,2,692.91,1,1,1,0
5,4,91.46,290,0,0,101,9,1,4,365.84,0,2023,9,23,5,91.46,1,0,1,1
4,3,273.96,422,2,3,521,8,1,2,821.88,0,2024,3,13,2,273.96,1,0,1,0
1,3,588.05,100,3,1,1104,8,0,3,1764.15,0,2025,6,27,4,588.0500000000001,1,0,1,0
3,2,365.17,177,4,0,1042,4,0,1,730.34,0,2023,11,2,3,365.17,0,0,1,0
0,4,385.92,344,1,0,1094,8,0,3,1543.68,0,2023,5,17,2,385.92,1,0,1,0
6,1,562.61,465,1,1,819,3,2,1,562.61,0,2025,3,28,4,562.61,0,0,1,0
1,4,61.91,611,3,1,192,6,2,0,247.64,0,2023,12,16,5,61.91,1,0,1,1
4,4,41.9,160,3,2,473,9,0,3,167.6,0,2023,11,5,6,41.9,1,0,1,1
5,4,444.44,368,2,0,871,8,2,2,1777.76,0,2023,5,19,4,444.44,1,0,1,0
4,3,311.33,33,0,0,852,3,2,3,933.99,0,2024,8,24,5,311.33,0,0,1,1
5,4,236.41,166,2,2,223,7,1,2,945.64,0,2024,11,26,1,236.41,1,0,1,0
1,1,65.45,505,0,2,254,2,2,2,65.45,0,2023,2,20,0,65.45,0,0,1,0
3,1,318.81,334,2,2,375,3,2,0,318.81,0,2023,1,1,6,318.81,0,0,1,1
3,3,583.72,479,1,4,860,5,0,1,1751.16,0,2024,3,14,3,583.72,1,0,1,0
1,4,384.32,471,1,2,885,6,2,2,1537.28,0,2024,12,13,4,384.32,1,0,1,0
6,3,538.74,253,4,4,823,6,0,0,1616.22,0,2024,12,11,2,538.74,1,0,1,0
6,1,17.24,111,4,2,1112,2,0,3,17.24,0,2023,7,12,2,17.24,0,0,1,0
0,5,615.67,220,4,2,438,6,1,0,3078.35,0,2023,5,16,1,615.67,1,1,1,0
5,2,219.1,26,4,2,1165,4,1,4,438.2,0,2023,5,9,1,219.1,0,0,1,0
0,2,144.66,289,4,0,260,7,0,2,289.32,0,2025,5,9,4,144.66,1,0,1,0
1,2,317.77,525,2,0,538,4,2,1,635.54,0,2023,2,16,3,317.77,0,0,1,0
2,1,223.3,146,4,3,203,1,0,1,223.3,0,2025,4,20,6,223.3,0,0,1,1
1,2,342.11,46,3,4,77,2,2,3,684.22,0,2024,8,30,4,342.11,0,0,1,0
5,2,220.9,481,3,4,987,4,0,0,441.8,0,2023,7,20,3,220.9,0,0,1,0
2,1,670.54,265,0,4,683,6,0,4,670.54,0,2023,7,2,6,670.54,1,0,1,1
5,1,546.19,102,0,2,331,5,0,4,546.19,0,2024,2,7,2,546.19,1,0,1,0
1,3,42.95,153,3,3,782,8,1,0,128.85,0,2023,4,5,2,42.949999999999996,1,0,1,0
3,4,14.69,504,0,0,301,9,0,0,58.76,0,2025,5,15,3,14.69,1,0,1,0
4,4,668.36,511,3,0,535,5,0,1,2673.44,0,2024,9,20,4,668.36,1,1,1,0
0,4,413.74,455,3,3,917,7,0,3,1654.96,0,2024,3,23,5,413.74,1,0,1,1
3,3,263.19,471,4,1,326,5,0,3,789.57,0,2023,12,26,1,263.19,1,0,1,0
3,1,263.96,496,3,3,602,2,1,2,263.96,0,2024,5,13,0,263.96,0,0,1,0
0,5,75.81,259,3,3,173,10,2,3,379.05,0,2025,6,30,0,75.81,1,0,1,0
4,1,406.22,433,1,0,393,5,1,4,406.22,0,2024,4,23,1,406.22,1,0,1,0
6,2,103.41,137,4,4,1123,2,0,4,206.82,0,2024,2,26,0,103.41,0,0,1,0
0,4,435.12,384,1,1,586,9,1,3,1740.48,0,2023,6,11,6,435.12,1,0,1,1
3,2,407.79,40,2,4,159,3,0,2,815.58,0,2023,5,17,2,407.79,0,0,1,0
4,5,173.65,256,3,1,206,9,1,0,868.25,0,2025,5,28,2,173.65,1,0,1,0
4,4,249.07,387,1,3,735,5,2,4,996.28,0,2023,1,10,1,249.07,1,0,1,0
4,4,434.85,107,1,2,398,4,2,2,1739.4,0,2023,3,25,5,434.85,0,0,1,1
6,1,436.77,633,0,3,121,5,0,2,436.77,0,2024,8,3,5,436.77,1,0,1,1
5,1,572.13,37,2,0,168,4,1,2,572.13,0,2023,12,22,4,572.13,0,0,1,0
0,4,583.07,352,1,0,497,6,0,4,2332.28,0,2024,6,8,5,583.07,1,0,1,1
0,5,468.51,493,2,1,684,9,0,1,2342.55,1,2025,4,17,3,468.51000000000005,1,0,1,0
4,2,423.88,397,2,1,498,7,1,4,847.76,0,2023,8,11,4,423.88,1,0,1,0
6,4,663.67,23,1,2,247,7,0,2,2654.68,0,2023,11,25,5,663.67,1,1,1,1
5,4,309.91,21,2,4,938,5,2,2,1239.64,0,2023,6,4,6,309.91,1,0,1,1
3,1,542.07,485,0,4,90,6,2,4,542.07,0,2023,3,28,1,542.07,1,0,1,0
0,2,399.32,14,4,2,40,6,2,3,798.64,0,2023,9,19,1,399.32,1,0,1,0
6,2,238.25,631,4,0,1075,7,0,0,476.5,0,2024,10,27,6,238.25,1,0,1,1
4,2,182.4,559,3,0,727,5,1,4,364.8,0,2023,2,4,5,182.4,1,0,1,1
0,2,65.07,183,1,0,1197,4,1,2,130.14,0,2023,11,4,5,65.07,0,0,1,1
5,2,600.57,396,2,3,611,3,2,3,1201.14,0,2025,3,29,5,600.57,0,0,1,1
0,5,90.92,579,1,1,450,9,1,1,454.6,1,2024,9,9,0,90.92,1,0,1,0
2,5,362.46,140,0,1,471,6,0,3,1812.3,0,2024,11,18,0,362.46,1,0,1,0
0,3,55.01,117,4,2,27,7,2,0,165.03,0,2023,10,20,4,55.01,1,0,1,0
6,3,404.62,453,3,1,876,6,0,3,1213.86,0,2023,3,27,0,404.61999999999995,1,0,1,0
1,4,654.79,68,0,2,651,9,0,4,2619.16,0,2023,7,27,3,654.79,1,1,1,0
5,4,637.79,195,3,0,831,9,0,2,2551.16,0,2025,4,22,1,637.79,1,1,1,0
2,4,540.33,646,0,4,805,6,0,2,2161.32,0,2025,2,28,4,540.33,1,0,1,0
2,5,208.17,297,1,3,160,6,1,1,1040.85,1,2023,2,16,3,208.17,1,0,1,0
4,1,338.31,631,4,1,1108,3,0,2,338.31,0,2025,6,10,1,338.31,0,0,1,0
3,3,139.45,64,3,3,667,8,2,2,418.35,0,2025,4,7,0,139.45000000000002,1,0,1,0
0,4,655.18,380,4,4,218,5,0,1,2620.72,0,2023,11,24,4,655.18,1,1,1,0
2,4,512.75,314,2,3,660,8,2,2,2051.0,0,2023,3,12,6,512.75,1,0,1,1
0,4,160.49,164,1,4,591,8,2,4,641.96,0,2023,7,26,2,160.49,1,0,1,0
0,3,99.9,113,0,1,59,8,0,1,299.7,0,2023,5,5,4,99.89999999999999,1,0,1,0
4,2,345.01,409,1,1,1115,6,0,2,690.02,0,2024,5,12,6,345.01,1,0,1,1
3,1,65.95,63,1,1,267,5,0,1,65.95,0,2025,1,15,2,65.95,1,0,1,0
6,4,463.04,336,3,3,383,9,0,3,1852.16,0,2023,2,16,3,463.04,1,0,1,0
4,2,297.71,77,4,4,767,7,1,4,595.42,0,2025,4,1,1,297.71,1,0,1,0
5,5,107.48,127,2,0,466,9,0,0,537.4,0,2023,1,25,2,107.47999999999999,1,0,1,0
1,5,638.8,238,2,0,546,10,2,4,3194.0,1,2024,6,19,2,638.8,1,1,1,0
1,2,493.88,109,1,3,719,7,1,3,987.76,0,2023,2,22,2,493.88,1,0,1,0
5,4,301.17,119,4,0,1166,6,0,0,1204.68,0,2023,12,19,1,301.17,1,0,1,0
3,1,278.66,540,3,0,414,2,0,3,278.66,0,2024,1,20,5,278.66,0,0,1,1
4,1,287.46,568,2,3,315,3,0,1,287.46,0,2024,9,2,0,287.46,0,0,1,0
0,1,583.99,443,0,0,380,2,1,0,583.99,0,2023,5,11,3,583.99,0,0,1,0
0,3,468.74,16,0,2,436,4,0,3,1406.22,0,2023,5,16,1,468.74,0,0,1,0
6,1,30.54,190,2,3,1134,1,0,2,30.54,0,2024,12,7,5,30.54,0,0,1,1
3,5,408.73,159,3,1,875,10,0,3,2043.65,0,2024,10,18,4,408.73,1,0,1,0
2,4,126.89,95,0,2,639,9,0,3,507.56,0,2023,11,25,5,126.89,1,0,1,1
5,2,57.07,96,2,3,730,3,1,3,114.14,0,2024,6,7,4,57.07,0,0,1,0
2,3,557.41,27,4,1,18,4,0,0,1672.23,0,2023,7,1,5,557.41,0,0,1,1
5,3,448.9,484,2,3,1177,7,1,3,1346.7,0,2023,12,11,0,448.90000000000003,1,0,1,0
0,4,549.76,378,2,1,361,4,0,1,2199.04,0,2023,10,3,1,549.76,0,0,1,0
5,3,132.48,625,4,4,81,4,0,4,397.44,0,2024,2,24,5,132.48,0,0,1,1
1,5,489.37,123,4,3,324,8,0,3,2446.85,0,2025,5,17,5,489.37,1,0,1,1
5,5,66.31,344,3,2,718,7,0,4,331.55,0,2025,5,24,5,66.31,1,0,1,1
0,2,434.3,634,0,1,175,7,1,3,868.6,0,2023,7,9,6,434.3,1,0,1,1
1,4,153.09,316,4,1,502,4,0,4,612.36,0,2023,10,4,2,153.09,0,0,1,0
6,5,91.67,141,4,0,459,9,0,0,458.35,0,2025,5,12,0,91.67,1,0,1,0
1,4,275.28,1,3,4,1010,9,2,1,1101.12,0,2023,10,2,0,275.28,1,0,1,0
3,2,139.95,168,4,3,171,5,0,3,279.9,0,2023,4,10,0,139.95,1,0,1,0
0,3,148.72,152,2,0,1137,7,1,2,446.16,0,2024,7,27,5,148.72,1,0,1,1
2,2,563.06,225,0,3,506,6,0,3,1126.12,0,2023,12,2,5,563.06,1,0,1,1
5,1,625.51,472,1,4,503,1,0,1,625.51,0,2024,12,19,3,625.51,0,0,1,0
4,4,152.29,27,2,0,440,6,2,2,609.16,0,2023,8,9,2,152.29,1,0,1,0
4,5,231.82,168,2,1,108,6,1,1,1159.1,1,2024,6,14,4,231.82,1,0,1,0
2,1,150.17,226,2,3,701,1,1,4,150.17,0,2025,1,26,6,150.17,0,0,1,1
6,3,70.93,532,2,3,811,5,0,4,212.79,0,2024,6,13,3,70.92999999999999,1,0,1,0
1,3,361.39,404,1,4,668,8,0,4,1084.17,0,2023,6,29,3,361.39000000000004,1,0,1,0
2,5,670.48,122,3,3,1176,5,1,1,3352.4,0,2024,7,1,0,670.48,1,1,1,0
4,1,359.99,201,3,0,430,5,1,0,359.99,0,2023,7,25,1,359.99,1,0,1,0
6,5,674.04,320,4,0,1049,7,1,2,3370.2,0,2023,2,28,1,674.04,1,1,1,0
0,4,283.16,146,1,4,694,6,0,2,1132.64,0,2024,12,25,2,283.16,1,0,1,0
1,5,260.53,309,3,2,572,5,1,3,1302.65,0,2024,6,2,6,260.53000000000003,1,0,1,1
5,3,422.13,64,4,1,209,7,1,1,1266.39,0,2023,4,15,5,422.13000000000005,1,0,1,1
1,5,125.02,365,2,2,765,9,1,2,625.1,0,2024,7,3,2,125.02000000000001,1,0,1,0
4,1,198.51,508,1,3,544,5,2,3,198.51,0,2024,4,16,1,198.51,1,0,1,0
0,4,224.75,445,4,1,136,7,2,1,899.0,0,2024,3,26,1,224.75,1,0,1,0
6,3,205.86,634,3,4,325,4,0,0,617.58,0,2025,3,3,0,205.86,0,0,1,0
2,1,18.2,244,2,2,2,4,1,3,18.2,0,2023,12,29,4,18.2,0,0,1,0
6,3,502.77,360,2,3,758,8,2,0,1508.31,0,2023,5,29,0,502.77,1,0,1,0
4,5,305.49,429,2,4,705,10,0,4,1527.45,0,2023,11,8,2,305.49,1,0,1,0
5,2,236.33,214,4,2,687,3,1,3,472.66,0,2024,4,10,2,236.33,0,0,1,0
2,5,521.25,514,0,0,208,8,0,0,2606.25,0,2023,4,23,6,521.25,1,1,1,1
6,1,167.15,136,3,4,672,5,2,0,167.15,0,2024,9,23,0,167.15,1,0,1,0
3,5,466.42,374,3,3,1140,5,0,4,2332.1,0,2025,6,24,1,466.41999999999996,1,0,1,0
5,1,527.57,588,2,2,704,3,0,1,527.57,0,2023,2,26,6,527.57,0,0,1,1
6,3,623.34,105,4,0,766,3,1,3,1870.02,0,2025,3,6,3,623.34,0,0,1,0
6,5,501.26,114,3,4,350,10,0,4,2506.3,0,2023,12,7,3,501.26000000000005,1,1,1,0
6,1,655.09,553,0,2,449,6,0,4,655.09,0,2024,12,6,4,655.09,1,0,1,0
5,4,264.79,197,1,2,147,5,1,2,1059.16,0,2024,2,3,5,264.79,1,0,1,1
2,3,359.73,560,2,3,839,7,0,0,1079.19,0,2024,3,13,2,359.73,1,0,1,0
0,1,465.33,513,3,1,598,2,0,2,465.33,0,2023,11,30,3,465.33,0,0,1,0
0,2,54.41,282,4,4,652,6,0,3,108.82,0,2023,6,3,5,54.41,1,0,1,1
2,1,64.66,281,2,1,1050,4,0,3,64.66,0,2025,2,15,5,64.66,0,0,1,1
0,5,173.96,650,2,2,640,8,2,3,869.8,1,2023,8,31,3,173.95999999999998,1,0,1,0
6,1,630.82,52,4,1,74,5,0,2,630.82,0,2025,3,28,4,630.82,1,0,1,0
4,1,693.41,648,2,4,20,4,0,3,693.41,0,2023,7,11,1,693.41,0,0,1,0
6,3,433.33,416,1,0,902,4,0,4,1299.99,0,2025,6,3,1,433.33,0,0,1,0
5,5,374.58,577,3,0,979,10,0,3,1872.9,0,2023,5,6,5,374.58000000000004,1,0,1,1
2,5,408.56,214,2,1,1180,8,0,3,2042.8,1,2023,7,8,5,408.56,1,0,1,1
6,2,183.67,458,4,0,963,3,1,2,367.34,0,2024,4,7,6,183.67,0,0,1,1
1,4,606.57,143,2,1,177,5,2,4,2426.28,0,2023,6,9,4,606.57,1,0,1,0
4,4,589.57,476,0,2,321,8,0,3,2358.28,0,2024,6,6,3,589.57,1,0,1,0
5,5,659.85,70,1,1,296,9,1,1,3299.25,1,2024,6,29,5,659.85,1,1,1,1
3,4,206.84,149,0,0,657,5,2,3,827.36,0,2023,6,27,1,206.84,1,0,1,0
2,5,113.87,551,1,2,412,6,1,0,569.35,0,2024,5,24,4,113.87,1,0,1,0
4,5,628.74,453,0,0,1014,9,0,1,3143.7,1,2023,11,24,4,628.74,1,1,1,0
4,1,678.38,365,1,0,863,4,1,4,678.38,0,2025,2,14,4,678.38,0,0,1,0
5,3,602.24,362,2,2,387,8,0,4,1806.72,0,2023,2,10,4,602.24,1,0,1,0
2,5,658.77,433,3,2,960,10,0,3,3293.85,1,2024,4,25,3,658.77,1,1,1,0
3,3,271.02,218,1,0,1054,6,0,2,813.06,0,2023,5,1,0,271.02,1,0,1,0
3,5,375.25,84,3,2,857,9,1,0,1876.25,0,2024,12,22,6,375.25,1,0,1,1
4,1,312.11,550,4,0,394,4,2,1,312.11,0,2025,5,3,5,312.11,0,0,1,1
4,5,307.76,59,3,2,958,9,0,2,1538.8,0,2023,1,5,3,307.76,1,0,1,0
0,3,483.53,48,0,3,23,4,0,4,1450.59,0,2025,2,14,4,483.53,0,0,1,0
2,3,341.15,626,0,2,983,4,0,3,1023.45,0,2023,1,2,0,341.15000000000003,0,0,1,0
3,1,571.9,23,3,2,770,1,2,3,571.9,0,2024,9,16,0,571.9,0,0,1,0
3,4,95.03,216,4,4,822,8,0,1,380.12,0,2025,1,16,3,95.03,1,0,1,0
3,5,201.22,170,2,2,141,6,0,1,1006.1,1,2023,8,24,3,201.22,1,0,1,0
3,1,260.26,378,4,2,448,5,2,3,260.26,0,2024,7,22,0,260.26,1,0,1,0
0,5,64.5,35,1,2,1071,8,2,3,322.5,1,2024,2,1,3,64.5,1,0,1,0
4,3,297.67,286,4,4,996,6,0,2,893.01,0,2024,9,21,5,297.67,1,0,1,1
5,4,331.9,21,0,2,561,5,1,3,1327.6,0,2024,4,20,5,331.9,1,0,1,1
0,1,191.76,87,1,3,1171,1,0,3,191.76,0,2023,6,7,2,191.76,0,0,1,0
5,4,263.09,121,2,4,1087,8,1,2,1052.36,0,2025,1,30,3,263.09,1,0,1,0
0,4,393.8,524,1,2,455,7,1,0,1575.2,0,2023,1,20,4,393.8,1,0,1,0
0,3,553.57,34,1,3,461,4,0,1,1660.71,0,2024,11,24,6,553.57,0,0,1,1
0,5,191.63,460,3,1,726,6,0,1,958.15,0,2023,10,31,1,191.63,1,0,1,0
6,1,93.02,193,4,3,293,4,0,0,93.02,0,2023,4,28,4,93.02,0,0,1,0
5,2,39.53,574,1,4,592,3,2,2,79.06,0,2024,6,27,3,39.53,0,0,1,0
5,3,633.97,39,0,2,507,7,2,1,1901.91,0,2023,12,28,3,633.97,1,0,1,0
1,4,697.5,331,0,4,384,7,0,4,2790.0,0,2023,12,17,6,697.5,1,1,1,1
5,5,508.69,560,0,1,259,10,0,2,2543.45,0,2023,7,14,4,508.68999999999994,1,1,1,0
2,2,527.46,297,2,0,954,3,0,4,1054.92,0,2025,1,16,3,527.46,0,0,1,0
4,1,627.2,70,4,1,481,1,2,0,627.2,0,2024,2,28,2,627.2,0,0,1,0
5,1,75.01,590,1,3,194,3,0,2,75.01,0,2024,7,14,6,75.01,0,0,1,1
1,5,529.55,182,3,4,327,10,0,1,2647.75,1,2023,7,5,2,529.55,1,1,1,0
4,3,127.41,517,3,1,330,7,1,4,382.23,0,2025,4,25,4,127.41000000000001,1,0,1,0
6,5,287.13,475,4,4,953,10,1,0,1435.65,0,2023,12,1,4,287.13,1,0,1,0
3,1,427.06,643,4,0,1011,1,2,4,427.06,0,2023,9,28,3,427.06,0,0,1,0
4,5,53.93,446,3,4,1186,7,1,3,269.65,0,2024,9,4,2,53.92999999999999,1,0,1,0
6,5,423.93,154,2,3,282,5,0,1,2119.65,0,2024,1,7,6,423.93,1,0,1,1
1,4,160.22,144,2,3,650,9,2,3,640.88,0,2024,9,28,5,160.22,1,0,1,1
5,1,538.68,70,2,3,60,6,0,4,538.68,0,2025,4,9,2,538.68,1,0,1,0
5,5,337.38,542,3,4,924,5,0,4,1686.9,0,2023,4,9,6,337.38,1,0,1,1
6,1,620.21,453,4,3,1175,1,0,4,620.21,0,2024,11,10,6,620.21,0,0,1,1
3,2,99.1,243,0,1,579,6,0,3,198.2,0,2023,3,9,3,99.1,1,0,1,0
3,4,451.97,362,4,0,716,7,2,0,1807.88,0,2025,1,26,6,451.97,1,0,1,1
6,4,66.1,341,0,3,522,9,2,2,264.4,0,2023,12,10,6,66.1,1,0,1,1
6,4,547.32,107,0,3,836,8,0,3,2189.28,0,2023,8,13,6,547.32,1,0,1,1
5,3,412.53,313,4,2,269,6,2,2,1237.59,0,2025,1,1,2,412.53,1,0,1,0
1,5,84.13,468,4,1,25,9,1,2,420.65,0,2023,6,28,2,84.13,1,0,1,0
6,2,518.23,62,2,4,550,5,0,0,1036.46,0,2024,1,18,3,518.23,1,0,1,0
1,2,39.51,637,4,4,150,5,0,1,79.02,0,2024,6,19,2,39.51,1,0,1,0
6,5,133.01,103,1,3,273,10,0,1,665.05,1,2025,4,11,4,133.01,1,0,1,0
6,1,118.8,18,4,1,1022,6,1,0,118.8,0,2023,10,8,6,118.8,1,0,1,1
1,2,139.57,488,0,1,981,4,2,1,279.14,0,2025,5,4,6,139.57,0,0,1,1
0,1,184.15,397,3,4,713,5,0,1,184.15,0,2025,4,6,6,184.15,1,0,1,1
2,2,644.05,394,3,0,214,5,2,4,1288.1,0,2023,7,18,1,644.05,1,0,1,0
2,5,55.41,614,4,0,536,5,0,2,277.05,0,2023,10,24,1,55.410000000000004,1,0,1,0
5,1,310.93,545,4,0,743,3,0,1,310.93,0,2023,1,11,2,310.93,0,0,1,0
6,2,216.66,560,2,2,874,6,0,3,433.32,0,2024,4,17,2,216.66,1,0,1,0
4,1,452.7,242,2,4,1078,5,0,3,452.7,0,2024,11,29,4,452.7,1,0,1,0
0,2,288.21,470,2,0,563,5,0,0,576.42,0,2023,10,15,6,288.21,1,0,1,1
4,4,206.6,583,3,3,213,6,2,4,826.4,0,2023,6,5,0,206.6,1,0,1,0
5,4,685.2,68,3,0,1155,6,2,2,2740.8,0,2024,7,20,5,685.2,1,1,1,1
0,5,22.94,168,0,2,703,10,0,0,114.7,0,2023,4,12,2,22.94,1,0,1,0
2,2,301.88,276,3,3,201,5,2,0,603.76,0,2023,3,9,3,301.88,1,0,1,0
3,5,57.45,150,0,0,196,10,0,1,287.25,0,2025,3,16,6,57.45,1,0,1,1
1,1,161.24,196,1,2,817,3,2,3,161.24,0,2024,12,18,2,161.24,0,0,1,0
0,4,262.58,569,4,0,615,8,2,0,1050.32,0,2024,11,26,1,262.58,1,0,1,0
5,4,515.19,302,1,2,1068,9,1,1,2060.76,0,2024,12,19,3,515.19,1,0,1,0
4,1,450.07,237,3,4,434,6,0,2,450.07,0,2023,6,7,2,450.07,1,0,1,0
5,1,52.54,393,2,0,641,6,2,1,52.54,0,2024,10,6,6,52.54,1,0,1,1
6,2,424.32,402,1,3,894,6,0,4,848.64,0,2023,9,4,0,424.32,1,0,1,0
3,3,631.64,481,1,3,48,3,0,1,1894.92,0,2023,8,26,5,631.64,0,0,1,1
5,5,327.68,200,1,3,1001,6,0,1,1638.4,1,2023,10,22,6,327.68,1,0,1,1
5,1,414.47,1,2,3,1169,3,0,3,414.47,0,2023,5,27,5,414.47,0,0,1,1
2,4,221.33,393,4,2,850,5,0,2,885.32,0,2023,2,11,5,221.33,1,0,1,1
4,1,512.39,615,4,1,143,2,0,3,512.39,0,2024,4,18,3,512.39,0,0,1,0
6,3,459.34,239,3,2,229,3,1,3,1378.02,0,2025,1,3,4,459.34,0,0,1,0
6,1,146.32,155,4,4,342,4,2,1,146.32,0,2024,9,8,6,146.32,0,0,1,1
1,4,83.6,634,2,2,279,4,1,1,334.4,0,2024,11,5,1,83.6,0,0,1,0
5,2,328.54,268,3,3,916,6,0,0,657.08,0,2023,12,13,2,328.54,1,0,1,0
0,5,314.94,401,0,2,425,8,1,3,1574.7,0,2024,5,6,0,314.94,1,0,1,0
0,2,69.64,503,0,3,633,6,0,1,139.28,0,2024,5,14,1,69.64,1,0,1,0
5,1,135.17,348,4,4,675,6,0,3,135.17,0,2024,6,8,5,135.17,1,0,1,1
4,1,487.21,90,0,1,274,3,1,4,487.21,0,2024,3,23,5,487.21,0,0,1,1
2,5,509.58,116,4,1,511,6,0,3,2547.9,1,2023,10,18,2,509.58000000000004,1,1,1,0
5,2,416.81,180,0,3,458,2,0,1,833.62,0,2024,4,7,6,416.81,0,0,1,1
2,2,160.0,538,0,2,36,4,1,3,320.0,0,2023,9,4,0,160.0,0,0,1,0
6,3,253.05,131,4,2,501,3,0,3,759.15,0,2024,8,26,0,253.04999999999998,0,0,1,0
3,5,615.1,45,3,3,1122,10,2,3,3075.5,1,2024,1,15,0,615.1,1,1,1,0
3,1,183.18,391,2,0,100,6,1,0,183.18,0,2023,4,1,5,183.18,1,0,1,1
5,1,75.78,345,0,2,144,5,1,2,75.78,0,2023,7,23,6,75.78,1,0,1,1
6,1,675.57,279,0,4,533,1,2,1,675.57,0,2025,5,2,4,675.57,0,0,1,0
2,1,109.29,419,2,0,872,5,0,2,109.29,0,2024,11,27,2,109.29,1,0,1,0
4,1,639.83,552,2,2,298,2,1,4,639.83,0,2024,3,26,1,639.83,0,0,1,0
1,5,62.81,114,1,4,799,9,1,1,314.05,1,2023,6,26,0,62.81,1,0,1,0
1,4,615.83,319,4,3,773,4,2,3,2463.32,0,2025,5,25,6,615.83,0,0,1,1
3,4,510.58,69,1,3,676,7,2,0,2042.32,0,2024,7,2,1,510.58,1,0,1,0
1,1,334.39,237,1,3,376,2,0,3,334.39,0,2024,7,24,2,334.39,0,0,1,0
2,1,144.25,267,0,3,1118,2,2,4,144.25,0,2024,10,6,6,144.25,0,0,1,1
6,1,401.82,220,1,4,490,5,0,2,401.82,0,2024,6,8,5,401.82,1,0,1,1
4,1,252.68,447,4,0,297,1,0,4,252.68,0,2025,3,31,0,252.68,0,0,1,0
2,5,662.78,82,2,4,57,9,1,3,3313.9,1,2023,5,26,4,662.78,1,1,1,0
6,4,434.42,452,4,0,826,6,0,2,1737.68,0,2023,3,14,1,434.42,1,0,1,0
5,5,513.49,207,3,0,729,8,0,2,2567.45,0,2024,2,26,0,513.49,1,1,1,0
4,1,432.47,569,0,1,1167,4,0,4,432.47,0,2023,7,18,1,432.47,0,0,1,0
1,1,45.94,341,0,0,442,2,2,0,45.94,0,2024,8,30,4,45.94,0,0,1,0
4,1,418.36,653,1,1,654,5,0,0,418.36,0,2025,6,21,5,418.36,1,0,1,1
0,5,676.98,567,0,0,95,5,0,1,3384.9,0,2023,11,26,6,676.98,1,1,1,1
6,4,263.62,411,0,4,313,5,1,0,1054.48,0,2023,9,29,4,263.62,1,0,1,0
1,5,551.27,211,4,0,230,7,0,4,2756.35,0,2025,4,19,5,551.27,1,1,1,1
0,3,508.12,487,1,0,1009,8,0,4,1524.36,0,2023,1,6,4,508.11999999999995,1,0,1,0
0,2,14.93,249,4,4,828,4,0,1,29.86,0,2025,2,25,1,14.93,0,0,1,0
5,3,229.34,214,1,4,982,6,1,4,688.02,0,2023,11,15,2,229.34,1,0,1,0
6,2,438.62,185,0,0,1085,3,1,1,877.24,0,2025,4,19,5,438.62,0,0,1,1
4,2,513.59,549,4,3,115,4,0,4,1027.18,0,2024,1,15,0,513.59,0,0,1,0
4,2,253.74,271,4,4,45,5,1,2,507.48,0,2025,3,5,2,253.74,1,0,1,0
6,3,62.77,583,3,4,1033,6,0,4,188.31,0,2024,11,1,4,62.77,1,0,1,0
3,4,25.29,607,1,2,153,8,0,2,101.16,0,2023,2,18,5,25.29,1,0,1,1
0,1,335.1,20,2,2,1107,6,0,4,335.1,0,2023,6,16,4,335.1,1,0,1,0
2,4,484.85,152,2,1,629,5,2,4,1939.4,0,2023,4,23,6,484.85,1,0,1,1
3,3,381.41,645,4,2,169,6,0,3,1144.23,0,2025,3,2,6,381.41,1,0,1,1
4,5,347.92,638,0,2,558,6,2,2,1739.6,0,2023,1,18,2,347.91999999999996,1,0,1,0
0,4,15.01,468,0,0,1063,6,0,1,60.04,0,2024,5,29,2,15.01,1,0,1,0
0,3,404.79,466,0,4,772,6,1,3,1214.37,0,2023,8,1,1,404.78999999999996,1,0,1,0
5,4,611.26,331,0,4,868,5,1,4,2445.04,0,2023,2,3,4,611.26,1,0,1,0
5,3,346.52,79,1,2,1101,3,1,2,1039.56,0,2023,3,9,3,346.52,0,0,1,0
0,1,36.65,329,4,0,1149,1,2,0,36.65,0,2024,12,5,3,36.65,0,0,1,0
6,3,149.34,352,3,0,989,7,2,0,448.02,0,2023,9,5,1,149.34,1,0,1,0
0,5,467.81,315,4,0,689,10,0,1,2339.05,0,2024,7,22,0,467.81000000000006,1,0,1,0
4,5,420.7,271,0,2,607,5,2,1,2103.5,0,2023,1,5,3,420.7,1,0,1,0
2,5,606.52,3,2,4,42,6,1,3,3032.6,1,2023,10,25,2,606.52,1,1,1,0
4,1,420.26,192,1,2,706,4,0,1,420.26,0,2025,1,28,1,420.26,0,0,1,0
2,3,505.79,255,2,2,702,3,0,4,1517.37,0,2023,7,19,2,505.78999999999996,0,0,1,0
4,4,493.73,610,2,2,335,6,1,1,1974.92,0,2025,6,5,3,493.73,1,0,1,0
5,3,201.21,106,4,0,742,3,1,2,603.63,0,2025,3,14,4,201.21,0,0,1,0
5,3,112.29,251,3,4,897,6,0,2,336.87,0,2024,10,24,3,112.29,1,0,1,0
6,4,132.56,146,0,3,294,8,2,3,530.24,0,2023,7,12,2,132.56,1,0,1,0
5,3,539.46,301,1,4,127,4,1,1,1618.38,0,2023,4,6,3,539.46,0,0,1,0
2,5,508.59,51,0,3,405,8,2,1,2542.95,1,2024,4,7,6,508.59,1,1,1,1
1,4,203.46,89,1,2,125,7,1,4,813.84,0,2024,2,4,6,203.46,1,0,1,1
3,3,565.25,456,2,3,733,7,1,0,1695.75,0,2023,5,20,5,565.25,1,0,1,1
6,3,136.84,285,4,2,1133,4,0,1,410.52,0,2023,8,31,3,136.84,0,0,1,0
3,2,464.5,495,4,0,334,2,2,3,929.0,0,2025,6,11,2,464.5,0,0,1,0
5,2,434.97,331,4,4,1154,7,0,0,869.94,0,2023,6,11,6,434.97,1,0,1,1
3,2,43.67,425,0,3,620,4,2,3,87.34,0,2023,7,25,1,43.67,0,0,1,0
4,1,171.59,320,1,2,1020,5,2,0,171.59,0,2023,7,5,2,171.59,1,0,1,0
4,1,558.27,632,4,1,187,1,0,4,558.27,0,2025,5,14,2,558.27,0,0,1,0
2,2,425.03,333,0,3,281,2,2,2,850.06,0,2023,2,15,2,425.03,0,0,1,0
5,1,376.76,205,2,1,534,5,1,0,376.76,0,2024,12,16,0,376.76,1,0,1,0
3,5,575.24,119,0,1,721,7,2,0,2876.2,0,2024,3,15,4,575.24,1,1,1,0
1,3,568.02,540,4,2,695,3,0,3,1704.06,0,2024,9,27,4,568.02,0,0,1,0
6,3,94.88,310,3,4,347,8,0,4,284.64,0,2025,2,9,6,94.88,1,0,1,1
5,3,304.15,279,3,4,720,3,2,3,912.45,0,2023,4,16,6,304.15000000000003,0,0,1,1
4,3,553.52,45,3,4,879,4,0,1,1660.56,0,2023,3,14,1,553.52,0,0,1,0
3,3,166.99,77,0,3,241,8,0,1,500.97,0,2024,4,7,6,166.99,1,0,1,1
6,4,198.35,607,0,0,1028,7,0,2,793.4,0,2024,4,9,1,198.35,1,0,1,0
5,4,403.58,154,4,2,646,9,1,4,1614.32,0,2025,6,13,4,403.58,1,0,1,0
2,4,464.29,605,2,3,739,5,1,0,1857.16,0,2025,5,10,5,464.29,1,0,1,1
3,3,635.98,618,0,3,224,5,0,4,1907.94,0,2023,3,10,4,635.98,1,0,1,0
4,1,528.06,647,1,4,356,2,0,1,528.06,0,2024,2,25,6,528.06,0,0,1,1
0,1,515.32,453,3,0,968,1,0,0,515.32,0,2024,4,20,5,515.32,0,0,1,1
1,4,657.79,394,1,3,663,6,2,2,2631.16,0,2025,2,18,1,657.79,1,1,1,0
4,1,153.0,3,1,3,1098,4,0,4,153.0,0,2023,10,25,2,153.0,0,0,1,0
3,1,668.48,45,2,4,105,1,1,0,668.48,0,2023,12,3,6,668.48,0,0,1,1
1,2,46.5,524,0,3,697,7,2,2,93.0,0,2024,2,29,3,46.5,1,0,1,0
0,5,653.47,624,1,0,869,10,1,4,3267.35,1,2024,8,19,0,653.47,1,1,1,0
0,1,628.89,419,1,3,820,2,1,4,628.89,0,2025,2,26,2,628.89,0,0,1,0
6,2,675.1,602,0,2,523,4,0,2,1350.2,0,2024,4,7,6,675.1,0,0,1,1
0,4,89.41,370,4,2,68,9,0,2,357.64,0,2024,7,18,3,89.41,1,0,1,0
1,5,320.01,440,3,1,73,6,0,4,1600.05,0,2024,7,2,1,320.01,1,0,1,0
2,2,41.0,191,4,1,408,7,0,0,82.0,0,2025,5,3,5,41.0,1,0,1,1
1,1,565.85,435,3,3,699,1,0,1,565.85,0,2023,3,5,6,565.85,0,0,1,1
0,3,648.59,576,2,0,816,4,1,0,1945.77,0,2024,6,6,3,648.59,0,0,1,0
3,3,68.12,163,4,0,463,3,0,0,204.36,0,2024,7,24,2,68.12,0,0,1,0
0,1,616.1,19,0,3,551,6,0,0,616.1,0,2024,6,9,6,616.1,1,0,1,1
6,3,247.47,201,4,1,622,4,1,1,742.41,0,2025,3,23,6,247.47,0,0,1,1
4,3,490.74,0,0,4,1135,3,2,0,1472.22,0,2024,5,24,4,490.74,0,0,1,0
1,3,531.72,266,3,1,103,7,1,2,1595.16,0,2025,2,18,1,531.72,1,0,1,0
2,5,648.65,536,4,2,947,7,0,4,3243.25,0,2024,1,29,0,648.65,1,1,1,0
5,5,456.06,555,0,2,670,10,0,3,2280.3,0,2023,8,7,0,456.06000000000006,1,0,1,0
6,1,17.98,601,0,0,139,6,0,0,17.98,0,2023,11,14,1,17.98,1,0,1,0
1,5,269.86,178,0,4,1119,6,2,1,1349.3,0,2024,3,9,5,269.86,1,0,1,1
5,5,31.96,193,1,3,1147,5,0,4,159.8,0,2024,3,10,6,31.96,1,0,1,1
3,2,98.47,621,0,3,859,3,0,3,196.94,0,2023,12,19,1,98.47,0,0,1,0
3,1,158.68,596,1,3,896,6,2,3,158.68,0,2024,3,1,4,158.68,1,0,1,0
4,1,613.98,223,4,1,204,4,0,1,613.98,0,2023,8,20,6,613.98,0,0,1,1
5,3,426.12,591,4,1,711,5,2,3,1278.36,0,2024,1,5,4,426.11999999999995,1,0,1,0
3,4,629.88,324,2,0,604,8,2,3,2519.52,1,2025,2,25,1,629.88,1,1,1,0
2,4,228.91,342,0,4,948,4,0,2,915.64,0,2023,10,29,6,228.91,0,0,1,1
2,1,120.98,177,2,1,865,6,2,0,120.98,0,2023,5,18,3,120.98,1,0,1,0
0,4,425.18,333,4,3,252,8,2,1,1700.72,0,2023,9,30,5,425.18,1,0,1,1
4,2,333.83,516,3,0,861,4,0,4,667.66,0,2023,8,23,2,333.83,0,0,1,0
2,2,492.9,368,0,3,741,5,0,3,985.8,0,2025,5,30,4,492.9,1,0,1,0
6,1,92.04,164,0,4,1045,2,0,1,92.04,0,2023,1,7,5,92.04,0,0,1,1
2,1,654.27,599,3,2,964,2,1,1,654.27,0,2023,1,28,5,654.27,0,0,1,1
6,1,56.2,24,2,2,388,1,2,1,56.2,0,2023,6,29,3,56.2,0,0,1,0
4,4,628.12,274,4,1,285,6,2,3,2512.48,0,2024,7,16,1,628.12,1,1,1,0
1,3,157.4,251,2,0,1,7,2,0,472.2,0,2024,4,15,0,157.4,1,0,1,0
3,4,588.85,303,3,2,1106,7,0,0,2355.4,0,2023,1,31,1,588.85,1,0,1,0
5,2,494.78,71,4,4,1044,2,0,2,989.56,0,2023,1,31,1,494.78,0,0,1,0
2,3,663.93,591,3,3,232,6,0,0,1991.79,0,2023,10,6,4,663.93,1,0,1,0
2,1,132.68,531,2,3,789,1,1,4,132.68,0,2023,12,12,1,132.68,0,0,1,0
1,5,364.28,449,1,0,1192,5,2,2,1821.4,0,2025,4,8,1,364.28000000000003,1,0,1,0
6,5,307.98,82,4,2,413,10,0,1,1539.9,0,2023,5,14,6,307.98,1,0,1,1
4,4,162.71,49,0,0,577,7,0,0,650.84,0,2024,4,18,3,162.71,1,0,1,0
0,5,492.94,40,0,4,567,10,0,0,2464.7,0,2024,9,30,0,492.93999999999994,1,0,1,0
2,2,343.99,149,4,1,834,4,0,2,687.98,0,2023,3,10,4,343.99,0,0,1,0
1,5,250.68,411,0,4,49,8,1,3,1253.4,0,2025,3,22,5,250.68,1,0,1,1
1,2,362.14,17,2,2,52,2,1,3,724.28,0,2024,12,27,4,362.14,0,0,1,0
6,1,214.08,549,3,3,374,2,2,2,214.08,0,2024,11,23,5,214.08,0,0,1,1
5,1,70.32,170,0,3,800,4,2,1,70.32,0,2023,11,11,5,70.32,0,0,1,1
0,5,421.42,302,2,0,264,7,0,3,2107.1,1,2023,1,25,2,421.41999999999996,1,0,1,0
0,5,384.69,124,1,2,1162,6,0,0,1923.45,0,2024,1,24,2,384.69,1,0,1,0
0,5,448.15,306,3,3,674,7,1,2,2240.75,0,2023,6,7,2,448.15,1,0,1,0
2,5,79.08,458,0,2,411,8,0,1,395.4,0,2024,5,29,2,79.08,1,0,1,0
6,4,185.41,624,4,3,443,9,2,2,741.64,0,2023,1,22,6,185.41,1,0,1,1
3,5,566.07,350,1,1,397,6,1,3,2830.35,1,2024,10,10,3,566.0699999999999,1,1,1,0
6,2,187.88,225,4,4,781,4,2,1,375.76,0,2023,6,4,6,187.88,0,0,1,1
3,2,255.99,169,1,1,723,4,1,3,511.98,0,2023,11,14,1,255.99,0,0,1,0
2,1,627.34,606,4,1,1017,1,0,4,627.34,0,2024,11,11,0,627.34,0,0,1,0
6,3,474.14,331,3,4,316,8,2,2,1422.42,0,2024,2,19,0,474.14000000000004,1,0,1,0
0,3,154.37,651,3,1,249,4,0,3,463.11,0,2025,6,15,6,154.37,0,0,1,1
0,4,145.05,379,4,1,238,6,1,2,580.2,0,2025,3,21,4,145.05,1,0,1,0
6,4,67.08,577,0,3,921,8,2,2,268.32,0,2023,8,20,6,67.08,1,0,1,1
3,1,522.08,575,3,3,1183,5,0,4,522.08,0,2024,11,10,6,522.08,1,0,1,1
3,5,514.6,173,3,1,1084,10,0,3,2573.0,1,2023,6,12,0,514.6,1,1,1,0
3,4,577.82,501,1,1,485,9,0,2,2311.28,0,2024,12,10,1,577.82,1,0,1,0
2,2,500.8,572,0,1,986,3,0,4,1001.6,0,2025,2,10,0,500.8,0,0,1,0
5,2,461.13,55,3,3,227,4,0,0,922.26,0,2023,9,10,6,461.13,0,0,1,1
2,1,605.28,264,3,4,524,3,0,4,605.28,0,2024,11,18,0,605.28,0,0,1,0
4,3,204.27,602,4,3,79,4,0,2,612.81,0,2024,4,23,1,204.26999999999998,0,0,1,0
3,1,489.8,384,3,4,275,4,0,1,489.8,0,2023,8,2,2,489.8,0,0,1,0
4,5,72.64,359,1,0,32,7,0,0,363.2,0,2024,2,21,2,72.64,1,0,1,0
5,2,385.16,278,4,2,978,7,1,0,770.32,0,2025,1,10,4,385.16,1,0,1,0
1,3,606.41,395,2,3,320,7,0,1,1819.23,0,2023,6,12,0,606.41,1,0,1,0
1,2,211.82,427,3,0,250,4,2,0,423.64,0,2024,11,25,0,211.82,0,0,1,0
1,5,495.35,514,1,2,635,5,0,1,2476.75,0,2024,4,26,4,495.35,1,0,1,0
0,3,556.99,18,4,0,314,4,0,1,1670.97,0,2023,6,30,4,556.99,0,0,1,0
5,1,72.31,256,3,0,955,1,0,1,72.31,0,2023,5,26,4,72.31,0,0,1,0
3,5,24.82,307,1,4,856,10,0,4,124.1,0,2023,10,2,0,24.82,1,0,1,0
6,4,26.04,638,4,2,715,5,1,3,104.16,0,2024,3,5,1,26.04,1,0,1,0
6,1,657.07,491,0,2,527,4,1,2,657.07,0,2024,10,4,4,657.07,0,0,1,0
0,3,32.62,109,2,1,942,6,0,1,97.86,0,2025,6,22,6,32.62,1,0,1,1
3,2,228.91,566,2,4,1136,4,1,4,457.82,0,2024,5,10,4,228.91,0,0,1,0
2,3,274.75,479,0,0,576,3,1,2,824.25,0,2024,11,6,2,274.75,0,0,1,0
5,4,634.05,129,0,4,609,6,1,2,2536.2,0,2025,5,31,5,634.05,1,1,1,1
2,5,543.16,483,4,0,844,6,1,3,2715.8,1,2024,7,24,2,543.1600000000001,1,1,1,0
0,3,449.13,499,0,3,557,5,2,4,1347.39,0,2025,1,27,0,449.13000000000005,1,0,1,0
1,5,389.62,377,0,3,970,7,0,1,1948.1,0,2024,6,16,6,389.62,1,0,1,1
1,1,305.17,427,3,3,333,3,2,4,305.17,0,2023,4,21,4,305.17,0,0,1,0
0,3,445.12,168,3,0,961,8,0,2,1335.36,0,2023,6,2,4,445.11999999999995,1,0,1,0
2,2,230.36,41,4,3,67,4,2,0,460.72,0,2024,12,19,3,230.36,0,0,1,0
4,1,96.81,497,3,0,28,3,0,4,96.81,0,2024,3,8,4,96.81,0,0,1,0
3,5,460.14,109,1,3,553,10,2,1,2300.7,1,2025,3,7,4,460.14,1,0,1,0
6,3,601.6,640,1,0,843,7,1,1,1804.8,0,2024,10,17,3,601.6,1,0,1,0
6,3,184.47,521,4,0,870,4,0,4,553.41,0,2024,2,8,3,184.47,0,0,1,0
6,1,411.34,215,2,3,1170,5,0,3,411.34,0,2024,9,3,1,411.34,1,0,1,0
2,1,532.89,466,3,2,486,2,0,4,532.89,0,2024,7,16,1,532.89,0,0,1,0
6,3,136.34,548,2,3,1059,8,1,4,409.02,0,2024,3,27,2,136.34,1,0,1,0
4,5,476.01,33,1,1,965,7,2,2,2380.05,0,2023,10,22,6,476.01000000000005,1,0,1,1
1,5,236.38,22,1,3,1046,7,0,1,1181.9,1,2024,11,2,5,236.38000000000002,1,0,1,1
5,3,396.0,120,3,0,152,4,0,3,1188.0,0,2023,6,16,4,396.0,0,0,1,0
6,5,341.96,458,2,1,1035,6,0,0,1709.8,0,2024,1,16,1,341.96,1,0,1,0
6,1,672.89,300,1,2,423,1,2,0,672.89,0,2023,9,24,6,672.89,0,0,1,1
6,2,657.48,470,4,4,107,5,1,4,1314.96,0,2024,3,1,4,657.48,1,0,1,0
0,3,498.68,555,4,3,278,4,0,0,1496.04,0,2023,8,6,6,498.68,0,0,1,1
5,5,558.63,544,0,2,628,8,0,4,2793.15,0,2023,3,26,6,558.63,1,1,1,1
4,3,19.73,527,4,2,1091,3,0,4,59.19,0,2023,7,7,4,19.73,0,0,1,0
3,5,248.84,30,2,0,311,10,0,3,1244.2,1,2023,6,23,4,248.84,1,0,1,0
0,3,46.11,183,3,3,289,5,2,4,138.33,0,2024,8,31,5,46.11000000000001,1,0,1,1
2,5,678.16,259,3,1,364,7,2,1,3390.8,1,2023,5,2,1,678.1600000000001,1,1,1,0
2,5,601.72,590,3,0,580,5,2,3,3008.6,0,2024,4,10,2,601.72,1,1,1,0
5,2,259.32,13,3,1,276,2,2,4,518.64,0,2024,4,25,3,259.32,0,0,1,0
0,3,63.68,238,0,3,390,6,0,1,191.04,0,2023,12,13,2,63.68,1,0,1,0
2,4,371.07,165,0,0,1095,7,2,1,1484.28,0,2023,10,5,3,371.07,1,0,1,0
0,4,306.35,480,3,4,183,7,2,4,1225.4,0,2024,9,29,6,306.35,1,0,1,1
6,4,578.27,321,4,1,890,9,2,0,2313.08,0,2023,10,15,6,578.27,1,0,1,1
0,1,529.19,207,0,0,99,5,0,4,529.19,0,2023,1,20,4,529.19,1,0,1,0
0,2,587.49,391,3,3,190,6,1,4,1174.98,0,2024,2,27,1,587.49,1,0,1,0
5,4,567.57,504,2,2,483,9,2,2,2270.28,0,2024,6,30,6,567.57,1,0,1,1
0,5,85.22,305,1,0,7,7,0,0,426.1,0,2024,4,29,0,85.22,1,0,1,0
2,1,438.37,391,0,0,877,4,1,4,438.37,0,2024,8,26,0,438.37,0,0,1,0
0,2,366.23,619,0,4,688,2,2,0,732.46,0,2023,11,15,2,366.23,0,0,1,0
2,2,150.05,444,1,0,787,4,1,1,300.1,0,2023,1,2,0,150.05,0,0,1,0
0,4,498.51,494,2,4,424,4,1,2,1994.04,0,2023,10,27,4,498.51,0,0,1,0
1,3,339.39,406,0,3,771,7,0,2,1018.17,0,2025,4,24,3,339.39,1,0,1,0
3,2,575.83,60,4,1,464,3,2,4,1151.66,0,2025,1,18,5,575.83,0,0,1,1
3,2,642.98,40,2,3,299,7,0,0,1285.96,0,2023,12,23,5,642.98,1,0,1,1
1,2,372.23,299,3,1,1116,7,1,0,744.46,0,2023,5,18,3,372.23,1,0,1,0
0,3,646.34,234,2,2,891,5,0,2,1939.02,0,2024,11,12,1,646.34,1,0,1,0
0,5,341.84,161,4,4,1128,8,0,3,1709.2,0,2024,6,5,2,341.84000000000003,1,0,1,0
5,3,690.3,458,1,4,37,6,2,2,2070.9,0,2024,2,25,6,690.3000000000001,1,0,1,1
6,3,382.37,546,2,3,210,8,0,3,1147.11,0,2023,6,12,0,382.36999999999995,1,0,1,0
0,2,132.6,116,2,0,814,4,2,0,265.2,0,2023,3,14,1,132.6,0,0,1,0
3,2,189.06,522,3,4,992,7,1,1,378.12,0,2024,1,18,3,189.06,1,0,1,0
6,4,87.79,309,0,0,307,6,0,3,351.16,0,2023,12,24,6,87.79,1,0,1,1
5,2,46.36,409,3,3,75,4,1,2,92.72,0,2025,4,18,4,46.36,0,0,1,0
4,2,642.04,621,3,1,587,4,2,0,1284.08,0,2024,10,26,5,642.04,0,0,1,1
0,2,651.57,600,2,4,574,7,2,1,1303.14,0,2024,10,19,5,651.57,1,0,1,1
6,3,424.89,12,2,0,1007,6,0,2,1274.67,0,2025,2,28,4,424.89000000000004,1,0,1,0
2,3,438.89,641,0,3,995,3,0,1,1316.67,0,2023,1,28,5,438.89000000000004,0,0,1,1
3,1,72.6,605,2,0,1023,6,0,3,72.6,0,2024,4,15,0,72.6,1,0,1,0
2,4,194.75,65,0,4,469,5,0,1,779.0,0,2024,12,19,3,194.75,1,0,1,0
6,4,231.26,110,4,4,295,6,2,2,925.04,0,2023,5,2,1,231.26,1,0,1,0
3,4,327.12,483,1,0,456,4,0,0,1308.48,0,2024,8,31,5,327.12,0,0,1,1
2,1,466.42,53,3,2,401,5,1,0,466.42,0,2023,5,3,2,466.42,1,0,1,0
3,2,253.67,637,0,3,199,3,2,1,507.34,0,2024,7,5,4,253.67,0,0,1,0
1,1,257.0,502,2,0,732,5,0,4,257.0,0,2023,2,5,6,257.0,1,0,1,1
1,4,539.2,458,1,2,156,8,0,2,2156.8,0,2024,4,18,3,539.2,1,0,1,0
0,5,50.74,450,3,0,1036,7,2,2,253.7,0,2023,6,15,3,50.739999999999995,1,0,1,0
4,2,624.16,640,2,4,821,2,1,3,1248.32,0,2023,5,9,1,624.16,0,0,1,0
6,2,372.92,25,1,1,1130,7,1,0,745.84,0,2023,2,21,1,372.92,1,0,1,0
2,4,358.75,543,3,1,618,9,1,1,1435.0,0,2024,1,9,1,358.75,1,0,1,0
1,3,342.02,576,2,2,1061,5,0,0,1026.06,0,2024,8,6,1,342.02,1,0,1,0
2,2,422.34,641,1,0,437,4,0,3,844.68,0,2025,6,23,0,422.34,0,0,1,0
6,5,22.07,59,4,0,903,7,0,3,110.35,0,2025,4,3,3,22.07,1,0,1,0
0,3,163.13,254,3,4,132,5,2,1,489.39,0,2024,11,24,6,163.13,1,0,1,1
6,3,360.66,144,4,3,740,5,0,3,1081.98,0,2023,2,2,3,360.66,1,0,1,0
3,3,463.39,424,1,3,92,3,0,1,1390.17,0,2023,8,27,6,463.39000000000004,0,0,1,1
6,1,155.27,322,2,4,479,6,0,0,155.27,0,2024,1,30,1,155.27,1,0,1,0
3,3,509.42,249,1,0,1088,5,0,2,1528.26,0,2023,7,23,6,509.42,1,0,1,1
1,4,652.48,561,0,2,182,5,0,3,2609.92,0,2025,5,18,6,652.48,1,1,1,1
5,4,34.84,132,1,4,710,8,0,0,139.36,0,2024,9,22,6,34.84,1,0,1,1
1,1,234.37,386,2,4,5,5,0,0,234.37,0,2025,2,7,4,234.37,1,0,1,0
1,3,53.6,304,0,2,637,4,2,1,160.8,0,2023,10,9,0,53.6,0,0,1,0
6,1,332.09,221,3,3,793,5,0,3,332.09,0,2023,9,13,2,332.09,1,0,1,0
3,4,593.22,41,1,0,344,8,2,1,2372.88,0,2024,3,6,2,593.22,1,0,1,0
6,2,444.84,482,4,4,612,7,0,1,889.68,0,2023,8,29,1,444.84,1,0,1,0
3,1,24.48,22,3,3,1038,1,0,3,24.48,0,2024,7,12,4,24.48,0,0,1,0
2,3,239.08,212,0,4,616,8,0,2,717.24,0,2024,11,24,6,239.08,1,0,1,1
1,5,196.84,154,1,1,784,5,2,3,984.2,0,2023,1,23,0,196.84,1,0,1,0
3,1,176.58,413,2,3,4,4,0,4,176.58,0,2025,3,12,2,176.58,0,0,1,0
5,4,666.52,374,0,4,288,8,0,0,2666.08,0,2023,10,2,0,666.52,1,1,1,0
5,5,101.3,327,4,4,504,7,0,0,506.5,0,2024,11,23,5,101.3,1,0,1,1
0,4,151.2,622,3,2,367,9,2,1,604.8,0,2023,7,2,6,151.2,1,0,1,1
5,5,94.85,483,0,4,452,6,2,0,474.25,0,2025,2,4,1,94.85,1,0,1,0
2,2,388.22,51,0,1,499,2,2,3,776.44,0,2023,1,4,2,388.22,0,0,1,0
2,3,614.15,570,3,0,980,3,0,1,1842.45,0,2023,11,13,0,614.15,0,0,1,0
2,2,92.91,328,0,3,256,3,2,3,185.82,0,2024,9,25,2,92.91,0,0,1,0
3,3,92.22,11,1,1,1064,5,0,0,276.66,0,2024,6,23,6,92.22000000000001,1,0,1,1
5,3,562.55,41,2,3,428,6,0,0,1687.65,0,2024,6,9,6,562.5500000000001,1,0,1,1
1,1,92.79,490,0,2,487,3,2,0,92.79,0,2023,3,22,2,92.79,0,0,1,0
1,4,30.27,509,4,1,1018,9,0,2,121.08,0,2023,6,3,5,30.27,1,0,1,1
3,2,49.08,228,2,3,126,7,0,3,98.16,0,2025,3,30,6,49.08,1,0,1,1
1,5,228.09,626,3,3,1160,9,0,1,1140.45,0,2025,3,2,6,228.09,1,0,1,1
0,4,650.04,645,3,0,102,6,1,1,2600.16,0,2024,11,1,4,650.04,1,1,1,0
5,1,665.11,483,0,2,131,3,0,3,665.11,0,2025,3,4,1,665.11,0,0,1,0
1,1,386.03,539,4,2,354,4,0,2,386.03,0,2024,12,7,5,386.03,0,0,1,1
2,5,21.54,9,3,3,113,10,0,2,107.7,0,2024,7,22,0,21.54,1,0,1,0
6,2,475.78,381,4,4,1067,2,2,2,951.56,0,2024,7,4,3,475.78,0,0,1,0
6,2,68.4,649,3,2,9,7,0,0,136.8,0,2024,1,9,1,68.4,1,0,1,0
6,4,532.49,386,4,0,277,6,1,1,2129.96,0,2025,6,21,5,532.49,1,0,1,1
2,1,51.73,127,2,2,184,1,0,1,51.73,0,2023,4,21,4,51.73,0,0,1,0
5,3,653.63,128,4,1,1144,7,0,0,1960.89,0,2024,7,26,4,653.63,1,0,1,0
0,3,454.29,565,1,2,205,4,2,2,1362.87,0,2024,6,13,3,454.28999999999996,0,0,1,0
0,3,122.11,431,4,1,270,4,2,0,366.33,0,2023,10,16,0,122.11,0,0,1,0
2,4,64.74,437,3,0,1090,8,1,2,258.96,0,2023,4,8,5,64.74,1,0,1,1
2,2,681.06,428,2,4,1008,3,0,1,1362.12,0,2024,1,21,6,681.06,0,0,1,1
1,5,128.95,145,0,2,1178,10,0,3,644.75,0,2023,9,21,3,128.95,1,0,1,0
1,2,118.59,564,1,1,600,2,0,0,237.18,0,2024,3,18,0,118.59,0,0,1,0
5,1,95.1,297,3,2,517,1,2,3,95.1,0,2024,11,15,4,95.1,0,0,1,0
1,3,54.95,201,0,3,529,8,1,4,164.85,0,2023,12,9,5,54.949999999999996,1,0,1,1
5,3,136.97,159,1,3,117,4,0,4,410.91,0,2024,10,18,4,136.97,0,0,1,0
0,2,194.85,192,3,3,460,5,0,4,389.7,0,2023,3,12,6,194.85,1,0,1,1
2,4,583.02,167,4,1,1121,4,0,1,2332.08,0,2024,10,25,4,583.02,0,0,1,0
0,5,95.75,196,4,4,1099,8,1,3,478.75,0,2024,9,29,6,95.75,1,0,1,1
1,4,325.76,515,3,4,926,8,2,0,1303.04,0,2024,7,29,0,325.76,1,0,1,0
4,4,186.41,509,3,2,1100,6,1,2,745.64,0,2023,9,8,4,186.41,1,0,1,0
4,1,474.6,220,2,1,1093,4,1,0,474.6,0,2025,2,22,5,474.6,0,0,1,1
5,5,584.46,147,1,3,496,8,0,0,2922.3,1,2024,6,7,4,584.46,1,1,1,0
2,1,132.05,482,4,1,407,2,0,2,132.05,0,2025,3,7,4,132.05,0,0,1,0
6,4,494.84,424,0,3,1026,8,1,0,1979.36,0,2023,12,4,0,494.84,1,0,1,0
5,4,224.61,380,1,3,123,6,2,1,898.44,0,2024,1,23,1,224.61,1,0,1,0
3,4,44.07,182,2,2,51,6,0,0,176.28,0,2024,6,28,4,44.07,1,0,1,0
3,5,418.53,425,1,2,744,6,0,2,2092.65,0,2024,2,9,4,418.53000000000003,1,0,1,0
4,4,532.87,629,0,2,207,9,0,3,2131.48,0,2024,1,3,2,532.87,1,0,1,0
4,2,485.37,118,1,4,451,5,1,0,970.74,0,2025,6,4,2,485.37,1,0,1,0
4,4,386.73,295,0,1,634,4,1,1,1546.92,0,2024,6,13,3,386.73,0,0,1,0
1,2,377.47,237,0,2,882,7,0,2,754.94,0,2024,7,20,5,377.47,1,0,1,1
3,5,332.64,609,3,1,1019,10,0,4,1663.2,0,2025,1,23,3,332.64,1,0,1,0
2,3,699.93,443,0,3,493,7,1,2,2099.79,0,2024,11,30,5,699.93,1,0,1,1
3,1,576.35,323,3,3,1016,1,2,3,576.35,0,2024,9,30,0,576.35,0,0,1,0
6,2,461.37,72,0,1,1181,5,1,2,922.74,0,2024,6,12,2,461.37,1,0,1,0
5,4,111.3,186,2,2,1056,7,0,0,445.2,0,2023,3,2,3,111.3,1,0,1,0
1,3,661.89,325,4,0,884,6,2,4,1985.67,0,2025,2,24,0,661.89,1,0,1,0
6,2,259.58,604,2,1,217,7,0,3,519.16,0,2025,3,12,2,259.58,1,0,1,0
6,3,70.81,106,1,4,358,8,0,4,212.43,0,2024,7,15,0,70.81,1,0,1,0
2,1,518.39,652,2,2,1040,4,0,3,518.39,0,2025,4,13,6,518.39,0,0,1,1
6,4,145.41,385,1,3,6,7,0,0,581.64,0,2023,1,14,5,145.41,1,0,1,1
6,2,599.86,252,3,2,892,7,0,1,1199.72,0,2023,1,24,1,599.86,1,0,1,0
4,4,429.37,140,1,1,309,8,0,2,1717.48,0,2024,10,3,3,429.37,1,0,1,0
4,2,241.49,547,2,3,840,7,0,3,482.98,0,2024,4,24,2,241.49,1,0,1,0
5,2,452.05,639,1,3,560,3,2,0,904.1,0,2025,5,31,5,452.05,0,0,1,1
1,3,336.71,399,1,2,658,4,0,0,1010.13,0,2023,6,13,1,336.71,0,0,1,0
4,1,283.69,74,3,4,1105,6,0,2,283.69,0,2024,6,27,3,283.69,1,0,1,0
1,1,157.72,358,2,1,1072,2,0,2,157.72,0,2024,2,22,3,157.72,0,0,1,0
6,3,624.84,586,1,0,614,8,2,1,1874.52,0,2023,3,26,6,624.84,1,0,1,1
1,3,308.01,188,0,2,1089,3,0,1,924.03,0,2023,7,24,0,308.01,0,0,1,0
1,1,39.56,130,2,0,849,5,0,2,39.56,0,2025,2,18,1,39.56,1,0,1,0
1,4,37.76,85,2,1,776,7,0,2,151.04,0,2023,6,2,4,37.76,1,0,1,0
4,3,76.96,369,0,3,1159,8,0,0,230.88,0,2024,9,17,1,76.96,1,0,1,0
2,1,569.96,310,4,1,266,4,0,0,569.96,0,2023,4,6,3,569.96,0,0,1,0
2,5,627.43,496,1,0,58,10,0,0,3137.15,1,2024,3,10,6,627.4300000000001,1,1,1,1
2,2,534.91,128,2,3,1146,5,1,2,1069.82,0,2023,10,6,4,534.91,1,0,1,0
5,2,278.88,281,2,2,1199,3,0,4,557.76,0,2023,1,22,6,278.88,0,0,1,1
6,2,323.22,298,1,1,934,7,0,3,646.44,0,2025,4,18,4,323.22,1,0,1,0
6,5,653.46,47,0,0,242,9,2,0,3267.3,0,2023,9,4,0,653.46,1,1,1,0
5,4,678.55,339,0,1,1179,5,0,0,2714.2,0,2023,7,6,3,678.55,1,1,1,0
1,1,314.38,90,4,3,774,6,0,2,314.38,0,2024,2,11,6,314.38,1,0,1,1
4,3,692.44,121,2,0,959,8,0,2,2077.32,0,2024,6,12,2,692.44,1,0,1,0
3,1,604.87,257,4,1,212,4,0,3,604.87,0,2024,7,28,6,604.87,0,0,1,1
4,2,512.33,227,0,0,505,7,0,1,1024.66,0,2025,6,28,5,512.33,1,0,1,1
0,3,20.54,112,1,0,409,3,0,3,61.62,0,2025,4,15,1,20.54,0,0,1,0
4,2,625.22,340,4,0,163,5,0,2,1250.44,0,2023,3,4,5,625.22,1,0,1,1
6,1,21.19,272,0,3,8,5,2,2,21.19,0,2023,8,21,0,21.19,1,0,1,0
0,5,64.49,382,4,0,404,7,0,1,322.45,0,2025,3,21,4,64.49,1,0,1,0
2,4,246.85,151,1,4,608,8,2,2,987.4,0,2023,4,28,4,246.85,1,0,1,0
4,3,588.74,459,2,2,219,8,0,0,1766.22,0,2023,12,1,4,588.74,1,0,1,0
2,4,184.48,401,4,0,851,4,2,2,737.92,0,2024,3,31,6,184.48,0,0,1,1
4,5,524.26,601,3,1,537,5,0,4,2621.3,0,2024,1,10,2,524.26,1,1,1,0
3,2,493.63,49,4,3,525,6,1,4,987.26,0,2024,8,11,6,493.63,1,0,1,1
5,1,438.34,128,3,3,475,5,0,1,438.34,0,2025,5,26,0,438.34,1,0,1,0
2,1,325.81,93,1,2,997,1,2,4,325.81,0,2025,5,16,4,325.81,0,0,1,0
0,1,176.1,171,1,2,564,1,1,3,176.1,0,2023,7,29,5,176.1,0,0,1,1
0,5,45.31,473,4,0,1194,8,0,4,226.55,0,2023,8,23,2,45.31,1,0,1,0
1,4,221.96,67,0,1,345,7,0,2,887.84,0,2024,3,17,6,221.96,1,0,1,1
0,2,601.43,464,4,2,427,5,0,3,1202.86,0,2023,11,2,3,601.43,1,0,1,0
6,5,691.28,61,4,1,878,10,1,0,3456.4,0,2023,8,17,3,691.28,1,1,1,0
2,4,417.89,142,3,2,1151,4,0,2,1671.56,0,2024,9,14,5,417.89,0,0,1,1
0,4,409.28,616,0,2,1097,8,0,0,1637.12,0,2024,1,13,5,409.28,1,0,1,1
1,2,356.35,457,2,3,1070,6,2,1,712.7,0,2023,6,16,4,356.35,1,0,1,0
0,5,170.22,470,2,1,803,8,0,4,851.1,0,2024,4,15,0,170.22,1,0,1,0
5,4,384.85,644,4,1,893,9,0,3,1539.4,0,2023,3,9,3,384.85,1,0,1,0
2,4,115.77,349,4,2,396,7,1,3,463.08,0,2024,11,20,2,115.77,1,0,1,0
4,3,579.55,557,3,3,50,8,2,1,1738.65,0,2025,4,29,1,579.5500000000001,1,0,1,0
2,2,438.76,231,2,3,837,2,0,1,877.52,0,2023,2,27,0,438.76,0,0,1,0
4,5,488.35,625,2,3,1047,9,0,0,2441.75,0,2025,5,19,0,488.35,1,0,1,0
2,4,328.56,493,2,3,907,4,0,0,1314.24,0,2023,4,16,6,328.56,0,0,1,1
6,1,68.39,224,4,3,1193,3,2,1,68.39,0,2025,3,28,4,68.39,0,0,1,0
5,4,595.62,451,2,2,626,8,0,1,2382.48,0,2023,5,3,2,595.62,1,0,1,0
0,5,644.64,76,3,0,319,6,0,0,3223.2,0,2024,2,17,5,644.64,1,1,1,1
3,5,397.81,87,2,3,453,5,1,4,1989.05,0,2023,8,20,6,397.81,1,0,1,1
0,3,236.5,585,4,1,19,8,0,0,709.5,0,2024,1,1,0,236.5,1,0,1,0
2,5,472.01,58,3,0,63,10,1,0,2360.05,0,2024,10,15,1,472.01000000000005,1,0,1,0
0,5,253.75,453,4,2,54,9,2,3,1268.75,0,2023,9,1,4,253.75,1,0,1,0
3,3,676.21,115,4,1,818,5,1,2,2028.63,0,2024,11,10,6,676.21,1,0,1,1
1,3,134.05,66,1,4,932,3,0,2,402.15,0,2024,2,13,1,134.04999999999998,0,0,1,0
1,5,217.43,460,2,4,578,10,1,3,1087.15,1,2024,4,9,1,217.43,1,0,1,0
6,1,553.56,389,1,0,88,5,0,4,553.56,0,2023,5,31,2,553.56,1,0,1,0
2,2,28.55,547,3,4,447,7,1,0,57.1,0,2023,11,5,6,28.55,1,0,1,1
4,2,255.26,493,1,0,1032,6,0,2,510.52,0,2024,1,26,4,255.26,1,0,1,0
2,5,292.54,117,2,0,339,8,0,0,1462.7,0,2025,3,15,5,292.54,1,0,1,1
0,4,147.51,635,2,2,146,4,2,3,590.04,0,2024,12,11,2,147.51,0,0,1,0
5,3,569.84,589,3,0,899,8,2,3,1709.52,0,2024,8,4,6,569.84,1,0,1,1
6,5,574.79,284,1,2,372,8,2,4,2873.95,1,2024,2,21,2,574.79,1,1,1,0
0,4,598.19,235,1,1,1185,7,2,0,2392.76,0,2023,10,5,3,598.19,1,0,1,0
4,4,390.84,543,1,0,631,9,2,4,1563.36,0,2023,3,2,3,390.84,1,0,1,0
4,2,398.45,392,2,0,362,7,1,2,796.9,0,2024,9,28,5,398.45,1,0,1,1
4,5,623.81,52,0,3,97,6,0,0,3119.05,0,2023,5,27,5,623.8100000000001,1,1,1,1
2,4,174.49,114,1,1,603,5,1,1,697.96,0,2024,12,14,5,174.49,1,0,1,1
4,1,479.56,592,3,3,454,1,1,2,479.56,0,2025,3,15,5,479.56,0,0,1,1
2,4,653.13,630,1,4,975,8,2,3,2612.52,1,2024,10,7,0,653.13,1,1,1,0
3,3,481.1,403,1,3,30,3,0,1,1443.3,0,2023,8,29,1,481.09999999999997,0,0,1,0
1,5,271.69,318,4,3,1041,7,0,3,1358.45,0,2025,3,26,2,271.69,1,0,1,0
5,3,463.81,130,4,3,290,8,2,0,1391.43,0,2025,3,8,5,463.81,1,0,1,1
6,2,639.88,236,0,1,632,5,2,3,1279.76,0,2023,5,25,3,639.88,1,0,1,0
0,4,404.58,293,0,4,714,5,0,3,1618.32,0,2024,7,24,2,404.58,1,0,1,0
3,1,76.93,418,2,1,785,6,2,3,76.93,0,2023,2,5,6,76.93,1,0,1,1
6,4,190.64,537,0,1,809,5,1,0,762.56,0,2024,12,11,2,190.64,1,0,1,0
5,2,88.73,30,4,2,671,5,0,2,177.46,0,2023,12,18,0,88.73,1,0,1,0
0,5,485.71,573,4,2,64,10,1,4,2428.55,0,2024,3,12,1,485.71000000000004,1,0,1,0
4,5,78.29,291,1,4,1150,5,2,4,391.45,0,2025,3,14,4,78.28999999999999,1,0,1,0
5,5,22.14,253,0,3,165,10,0,3,110.7,0,2024,4,11,3,22.14,1,0,1,0
1,1,679.65,206,2,4,854,6,0,2,679.65,0,2024,3,26,1,679.65,1,0,1,0
4,1,178.44,161,1,0,630,2,0,2,178.44,0,2023,2,2,3,178.44,0,0,1,0
0,5,655.55,129,4,1,643,5,0,0,3277.75,0,2025,6,14,5,655.55,1,1,1,1
1,4,577.08,200,4,2,792,8,0,1,2308.32,0,2024,4,11,3,577.08,1,0,1,0
0,3,197.97,325,4,0,1066,5,0,2,593.91,0,2023,8,24,3,197.97,1,0,1,0
0,3,411.95,411,1,1,1037,7,0,4,1235.85,0,2024,1,14,6,411.95,1,0,1,1
5,2,443.22,454,1,1,541,5,0,1,886.44,0,2024,9,19,3,443.22,1,0,1,0
2,3,364.14,212,4,2,1030,7,2,4,1092.42,0,2025,5,7,2,364.14000000000004,1,0,1,0
1,3,430.06,311,3,0,145,8,0,3,1290.18,0,2025,5,13,1,430.06,1,0,1,0
0,1,320.92,558,4,3,881,5,0,1,320.92,0,2024,12,4,2,320.92,1,0,1,0
4,3,107.36,498,3,1,795,5,0,2,322.08,0,2023,10,8,6,107.36,1,0,1,1
1,2,359.86,390,2,0,432,4,0,4,719.72,0,2024,7,4,3,359.86,0,0,1,0
5,4,434.23,409,4,4,1065,8,0,0,1736.92,0,2024,11,18,0,434.23,1,0,1,0
0,2,645.85,383,4,4,104,5,0,4,1291.7,0,2023,1,1,6,645.85,1,0,1,1
5,4,214.35,403,2,0,34,7,2,4,857.4,0,2025,6,9,0,214.35,1,0,1,0
3,3,638.5,564,2,0,69,4,0,3,1915.5,0,2025,4,27,6,638.5,0,0,1,1
2,1,365.57,33,4,0,142,5,1,0,365.57,0,2023,12,12,1,365.57,1,0,1,0
1,3,568.05,373,3,2,798,6,1,2,1704.15,0,2024,10,24,3,568.0500000000001,1,0,1,0
5,3,490.01,568,0,3,1127,4,1,1,1470.03,0,2023,10,16,0,490.01,0,0,1,0
2,3,372.6,180,1,1,775,7,2,4,1117.8,0,2025,6,13,4,372.59999999999997,1,0,1,0
3,5,240.61,481,1,4,1124,10,0,0,1203.05,0,2023,5,25,3,240.60999999999999,1,0,1,0
4,1,586.62,551,2,4,1138,5,0,1,586.62,0,2024,6,3,0,586.62,1,0,1,0
4,3,257.84,63,4,1,1015,4,0,3,773.52,0,2024,3,10,6,257.84,0,0,1,1
6,5,435.66,565,4,2,813,9,0,1,2178.3,0,2023,8,20,6,435.66,1,0,1,1
0,5,261.33,41,1,3,847,5,1,4,1306.65,0,2024,8,28,2,261.33000000000004,1,0,1,0
5,1,422.54,553,0,1,140,1,1,2,422.54,0,2024,1,23,1,422.54,0,0,1,0
1,5,330.45,91,3,4,439,10,0,2,1652.25,0,2023,3,19,6,330.45,1,0,1,1
1,3,120.82,490,1,4,807,5,1,4,362.46,0,2023,12,2,5,120.82,1,0,1,1
4,1,14.06,265,1,2,862,5,1,4,14.06,0,2024,5,20,0,14.06,1,0,1,0
1,1,491.11,354,1,1,621,4,1,1,491.11,0,2023,5,3,2,491.11,0,0,1,0
3,4,677.37,43,0,2,883,8,1,2,2709.48,0,2023,4,30,6,677.37,1,1,1,1
1,5,189.25,423,2,0,379,10,2,0,946.25,0,2024,7,26,4,189.25,1,0,1,0
5,4,142.58,176,0,1,734,4,0,1,570.32,0,2024,5,26,6,142.58,0,0,1,1
3,4,316.32,148,2,1,418,7,0,1,1265.28,0,2024,6,29,5,316.32,1,0,1,1
1,2,533.95,484,4,1,89,5,2,2,1067.9,0,2024,3,17,6,533.95,1,0,1,1
4,4,470.09,317,2,1,832,4,0,2,1880.36,0,2025,6,1,6,470.09,0,0,1,1
6,3,324.3,439,2,2,161,8,0,0,972.9,0,2024,5,16,3,324.3,1,0,1,0
0,4,629.34,53,0,4,1069,7,0,0,2517.36,0,2023,7,10,0,629.34,1,1,1,0
1,3,136.84,248,0,1,228,3,1,1,410.52,0,2024,5,12,6,136.84,0,0,1,1
0,2,488.9,381,0,1,1109,7,0,1,977.8,0,2023,10,31,1,488.9,1,0,1,0
2,5,133.39,75,1,1,750,6,0,4,666.95,0,2023,8,3,3,133.39000000000001,1,0,1,0
0,5,608.91,72,3,2,155,6,1,2,3044.55,0,2024,6,9,6,608.9100000000001,1,1,1,1
6,1,524.06,120,2,2,1156,3,0,0,524.06,0,2024,7,25,3,524.06,0,0,1,0
1,2,330.69,209,4,0,606,5,1,2,661.38,0,2023,6,1,3,330.69,1,0,1,0
4,2,547.67,599,3,4,1006,3,0,3,1095.34,0,2025,4,8,1,547.67,0,0,1,0
2,4,233.7,289,4,4,693,8,1,1,934.8,0,2025,3,12,2,233.7,1,0,1,0
6,2,448.85,202,1,2,492,6,0,3,897.7,0,2023,1,3,1,448.85,1,0,1,0
4,2,274.12,310,0,1,1092,6,0,4,548.24,0,2025,6,28,5,274.12,1,0,1,1
5,5,561.48,250,4,1,200,9,0,1,2807.4,1,2025,5,13,1,561.48,1,1,1,0
0,1,595.54,507,3,4,547,4,0,3,595.54,0,2024,5,15,2,595.54,0,0,1,0
2,4,515.59,203,1,4,343,7,0,2,2062.36,0,2024,4,7,6,515.59,1,0,1,1
4,1,460.13,486,1,3,162,1,0,2,460.13,0,2023,10,25,2,460.13,0,0,1,0
0,3,171.66,541,2,1,1034,7,0,2,514.98,0,2024,12,19,3,171.66,1,0,1,0
2,2,266.95,520,1,2,619,3,0,3,533.9,0,2024,7,23,1,266.95,0,0,1,0
3,5,650.72,175,1,0,91,8,2,0,3253.6,1,2024,10,27,6,650.72,1,1,1,1
2,3,439.53,607,2,2,994,5,0,2,1318.59,0,2023,8,11,4,439.53,1,0,1,0
3,3,654.54,587,0,3,371,7,1,4,1963.62,0,2023,11,11,5,654.54,1,0,1,1
1,1,394.53,270,0,4,391,2,0,4,394.53,0,2024,6,4,1,394.53,0,0,1,0
3,1,678.01,425,0,2,596,4,0,4,678.01,0,2023,3,21,1,678.01,0,0,1,0
6,3,575.01,536,4,0,357,8,2,3,1725.03,0,2023,5,23,1,575.01,1,0,1,0
0,3,154.64,519,2,2,685,6,2,1,463.92,0,2023,11,9,3,154.64000000000001,1,0,1,0
1,3,147.29,2,3,4,755,3,0,2,441.87,0,2024,10,18,4,147.29,0,0,1,0
2,4,481.48,181,3,1,369,5,1,3,1925.92,0,2024,9,3,1,481.48,1,0,1,0
3,3,158.37,454,0,4,753,6,0,4,475.11,0,2025,3,5,2,158.37,1,0,1,0
5,2,323.37,326,4,2,976,3,1,3,646.74,0,2025,4,23,2,323.37,0,0,1,0
2,5,73.83,647,2,2,760,9,0,3,369.15,1,2025,2,7,4,73.83,1,0,1,0
6,1,458.63,526,2,3,913,4,2,4,458.63,0,2024,4,28,6,458.63,0,0,1,1
3,4,180.25,503,2,0,887,7,0,1,721.0,0,2024,7,13,5,180.25,1,0,1,1
3,3,473.49,76,1,2,601,7,0,0,1420.47,0,2023,5,17,2,473.49,1,0,1,0
3,4,237.43,116,0,0,395,8,2,4,949.72,0,2025,2,5,2,237.43,1,0,1,0
2,1,442.39,1,3,2,952,6,0,1,442.39,0,2023,11,23,3,442.39,1,0,1,0
3,1,62.12,31,0,3,930,2,0,0,62.12,0,2024,9,3,1,62.12,0,0,1,0
1,5,298.39,347,3,0,562,7,2,4,1491.95,0,2024,8,4,6,298.39,1,0,1,1
1,2,697.93,163,1,0,225,2,1,2,1395.86,0,2025,5,6,1,697.93,0,0,1,0
6,2,291.85,340,0,4,886,5,0,3,583.7,0,2024,5,27,0,291.85,1,0,1,0
5,3,308.98,174,0,1,216,3,1,3,926.94,0,2024,5,31,4,308.98,0,0,1,0
1,5,396.86,355,0,0,431,9,1,3,1984.3,0,2024,8,13,1,396.86,1,0,1,0
1,2,139.69,153,4,3,991,7,0,0,279.38,0,2024,1,22,0,139.69,1,0,1,0
5,5,475.95,288,1,3,682,8,2,1,2379.75,1,2023,2,16,3,475.95,1,0,1,0
1,1,626.6,615,3,3,539,4,2,1,626.6,0,2025,2,10,0,626.6,0,0,1,0
2,4,502.99,603,2,4,265,4,2,4,2011.96,0,2024,2,16,4,502.99,0,0,1,0
5,5,578.83,47,0,3,55,6,0,4,2894.15,0,2024,6,21,4,578.83,1,1,1,0
2,5,383.82,523,1,3,116,7,0,2,1919.1,0,2025,1,20,0,383.82,1,0,1,0
2,5,368.25,430,4,1,109,5,0,3,1841.25,0,2025,6,24,1,368.25,1,0,1,0
5,2,374.6,64,4,4,179,3,0,4,749.2,0,2025,2,7,4,374.6,0,0,1,0
6,2,428.09,634,1,3,1172,6,0,3,856.18,0,2025,3,12,2,428.09,1,0,1,0
6,1,438.93,32,3,0,1058,3,1,4,438.93,0,2023,7,24,0,438.93,0,0,1,0
1,2,563.82,275,1,2,923,3,0,3,1127.64,0,2024,6,17,0,563.82,0,0,1,0
5,3,649.93,523,1,2,1198,7,2,1,1949.79,0,2023,2,11,5,649.93,1,0,1,1
5,5,268.43,647,0,3,590,5,1,0,1342.15,0,2025,3,22,5,268.43,1,0,1,1
3,5,502.47,144,4,4,1158,10,2,0,2512.35,0,2024,12,20,4,502.46999999999997,1,1,1,0
1,1,26.95,411,0,1,62,1,2,0,26.95,0,2024,3,20,2,26.95,0,0,1,0
2,4,64.69,386,2,4,0,7,2,2,258.76,0,2023,2,14,1,64.69,1,0,1,0
2,3,247.11,511,2,3,112,3,2,4,741.33,0,2024,5,9,3,247.11,0,0,1,0
6,2,536.25,327,2,2,830,3,0,0,1072.5,0,2024,10,16,2,536.25,0,0,1,0
4,2,456.04,199,2,3,233,4,0,0,912.08,0,2024,12,16,0,456.04,0,0,1,0
5,2,40.23,377,1,0,1021,4,1,2,80.46,0,2024,1,1,0,40.23,0,0,1,0
2,2,72.39,50,4,1,76,7,2,3,144.78,0,2023,3,26,6,72.39,1,0,1,1
3,2,394.16,111,4,4,429,2,0,4,788.32,0,2023,1,26,3,394.16,0,0,1,0
2,4,119.84,422,3,4,998,8,0,4,479.36,0,2025,6,1,6,119.84,1,0,1,1
4,3,692.71,214,1,1,686,3,0,3,2078.13,0,2023,11,24,4,692.71,0,0,1,0
0,4,56.66,450,4,1,435,4,1,3,226.64,0,2024,1,12,4,56.66,0,0,1,0
0,2,298.53,313,2,0,465,5,2,0,597.06,0,2024,1,16,1,298.53,1,0,1,0
0,3,331.46,425,1,0,1073,6,2,4,994.38,0,2023,7,12,2,331.46,1,0,1,0
2,2,521.4,80,0,1,565,7,1,3,1042.8,0,2025,4,16,2,521.4,1,0,1,0
5,4,305.32,417,4,0,1083,4,1,2,1221.28,0,2023,3,27,0,305.32,0,0,1,0
5,5,111.7,360,1,0,956,9,0,0,558.5,0,2023,7,17,0,111.7,1,0,1,0
6,1,479.76,557,1,2,599,1,0,0,479.76,0,2023,9,29,4,479.76,0,0,1,0
3,3,193.49,179,3,3,827,6,0,1,580.47,0,2023,12,27,2,193.49,1,0,1,0
2,2,426.22,248,4,1,1174,7,2,2,852.44,0,2024,12,16,0,426.22,1,0,1,0
6,5,276.44,374,3,4,253,10,0,4,1382.2,0,2023,8,20,6,276.44,1,0,1,1
4,2,404.96,320,0,4,135,4,1,0,809.92,0,2024,5,4,5,404.96,0,0,1,1
4,4,465.66,14,4,3,738,9,0,0,1862.64,0,2023,9,7,3,465.66,1,0,1,0
4,2,594.07,452,3,0,911,2,0,2,1188.14,0,2024,6,21,4,594.07,0,0,1,0
1,5,110.38,154,0,2,1117,10,0,4,551.9,0,2023,11,9,3,110.38,1,0,1,0
2,1,596.24,565,1,3,900,4,0,3,596.24,0,2024,5,31,4,596.24,0,0,1,0
5,2,306.24,352,4,3,377,4,0,0,612.48,0,2024,7,22,0,306.24,0,0,1,0
3,3,503.39,88,4,2,457,5,0,1,1510.17,0,2025,2,27,3,503.39000000000004,1,0,1,0
4,1,131.61,628,0,4,1048,2,0,1,131.61,0,2023,2,6,0,131.61,0,0,1,0
0,3,443.44,98,3,4,623,3,0,2,1330.32,0,2024,10,22,1,443.44,0,0,1,0
0,1,408.13,46,3,4,211,3,2,3,408.13,0,2023,1,23,0,408.13,0,0,1,0
4,2,160.98,198,2,1,1003,3,1,4,321.96,0,2024,4,11,3,160.98,0,0,1,0
3,5,643.89,535,0,3,180,8,2,1,3219.45,1,2023,1,12,3,643.89,1,1,1,0
1,3,158.66,314,3,1,810,7,2,0,475.98,0,2023,5,13,5,158.66,1,0,1,1
6,2,143.82,540,1,3,864,6,1,3,287.64,0,2024,4,13,5,143.82,1,0,1,1
2,3,379.07,149,3,2,655,3,2,2,1137.21,0,2023,12,11,0,379.07,0,0,1,0
4,1,601.36,309,4,4,940,1,0,1,601.36,0,2024,11,11,0,601.36,0,0,1,0
4,2,142.08,525,3,1,263,4,1,4,284.16,0,2024,9,6,4,142.08,0,0,1,0
0,5,530.34,627,4,4,415,9,0,2,2651.7,0,2024,3,11,0,530.3399999999999,1,1,1,0
4,5,364.42,475,1,0,422,10,1,4,1822.1,0,2023,8,20,6,364.41999999999996,1,0,1,1
2,4,578.28,485,3,0,166,5,0,0,2313.12,0,2025,6,18,2,578.28,1,0,1,0
3,5,280.52,133,1,0,39,7,2,1,1402.6,1,2025,5,20,1,280.52,1,0,1,0
6,5,638.92,287,1,3,763,5,0,2,3194.6,0,2025,5,6,1,638.92,1,1,1,0
3,4,412.2,403,1,4,838,6,2,4,1648.8,0,2024,2,8,3,412.2,1,0,1,0
1,1,440.34,414,3,4,202,2,2,1,440.34,0,2025,6,5,3,440.34,0,0,1,0
1,1,627.15,99,0,1,1012,5,1,3,627.15,0,2024,9,7,5,627.15,1,0,1,1
3,2,605.26,601,0,0,752,4,2,4,1210.52,0,2024,5,27,0,605.26,0,0,1,0
2,1,90.27,506,0,1,284,5,1,1,90.27,0,2024,6,9,6,90.27,1,0,1,1
1,5,230.77,31,4,2,526,10,2,4,1153.85,0,2025,6,9,0,230.76999999999998,1,0,1,0
1,5,266.78,123,3,0,545,5,0,0,1333.9,0,2023,9,27,2,266.78000000000003,1,0,1,0
1,1,105.92,631,3,3,957,6,1,0,105.92,0,2023,5,18,3,105.92,1,0,1,0
6,3,589.3,392,1,3,508,6,2,4,1767.9,0,2024,4,4,3,589.3000000000001,1,0,1,0
0,4,649.47,366,0,2,1196,8,1,2,2597.88,0,2023,1,28,5,649.47,1,1,1,1
5,4,107.49,649,0,1,666,5,0,2,429.96,0,2024,6,25,1,107.49,1,0,1,0
3,3,669.06,140,0,1,542,7,1,1,2007.18,0,2023,5,31,2,669.0600000000001,1,0,1,0
0,3,69.65,6,0,1,939,7,2,3,208.95,0,2023,10,14,5,69.64999999999999,1,0,1,1
4,4,136.83,277,2,2,605,8,1,0,547.32,0,2023,11,26,6,136.83,1,0,1,1
3,1,304.11,431,3,4,417,2,1,4,304.11,0,2024,9,6,4,304.11,0,0,1,0
3,4,296.28,8,3,4,662,5,1,0,1185.12,0,2024,11,24,6,296.28,1,0,1,1
1,1,77.64,430,1,4,790,1,0,1,77.64,0,2025,2,28,4,77.64,0,0,1,0
1,1,243.71,611,3,1,974,6,1,2,243.71,0,2024,7,20,5,243.71,1,0,1,1
2,4,644.96,310,1,2,778,7,0,0,2579.84,0,2024,9,7,5,644.96,1,1,1,1
4,5,283.73,239,3,2,575,8,0,3,1418.65,0,2025,6,5,3,283.73,1,0,1,0
1,2,629.56,508,3,0,559,5,2,3,1259.12,0,2025,2,4,1,629.56,1,0,1,0
2,4,246.11,332,1,2,308,4,1,3,984.44,0,2023,3,23,3,246.11,0,0,1,0
4,2,418.26,582,2,2,761,2,1,2,836.52,0,2023,11,19,6,418.26,0,0,1,1
1,5,127.18,359,2,0,796,10,0,2,635.9,0,2024,5,9,3,127.17999999999999,1,0,1,0
5,3,586.21,600,3,2,1052,4,2,4,1758.63,0,2024,8,27,1,586.21,0,0,1,0
3,3,267.45,343,3,1,310,5,2,3,802.35,0,2024,4,6,5,267.45,1,0,1,1
6,4,615.65,628,2,1,700,9,2,2,2462.6,0,2024,6,27,3,615.65,1,0,1,0
3,2,113.29,618,0,2,1025,5,1,1,226.58,0,2023,11,18,5,113.29,1,0,1,1
3,4,473.86,1,2,1,1096,7,1,1,1895.44,0,2024,4,28,6,473.86,1,0,1,1
2,3,444.75,495,0,1,385,6,1,1,1334.25,0,2023,11,27,0,444.75,1,0,1,0
4,2,183.67,479,2,0,174,6,1,2,367.34,0,2023,5,19,4,183.67,1,0,1,0
5,1,483.38,394,0,2,433,6,0,2,483.38,0,2023,12,24,6,483.38,1,0,1,1
5,5,260.93,346,4,1,555,9,1,0,1304.65,0,2023,6,21,2,260.93,1,0,1,0
5,2,253.68,17,3,4,120,6,0,4,507.36,0,2023,12,8,4,253.68,1,0,1,0
6,4,699.88,608,0,2,306,5,2,4,2799.52,0,2025,6,19,3,699.88,1,1,1,0
5,5,319.97,346,0,4,66,7,1,2,1599.85,0,2023,1,11,2,319.96999999999997,1,0,1,0
0,4,246.91,138,4,2,80,8,1,4,987.64,0,2025,6,9,0,246.91,1,0,1,0
5,3,392.85,231,1,3,16,6,0,2,1178.55,0,2023,3,2,3,392.84999999999997,1,0,1,0
6,5,420.98,543,0,1,1081,7,1,1,2104.9,0,2024,5,27,0,420.98,1,0,1,0
3,2,73.26,526,0,2,656,4,2,1,146.52,0,2024,3,20,2,73.26,0,0,1,0
3,3,410.88,112,0,1,33,8,0,3,1232.64,0,2023,1,13,4,410.88000000000005,1,0,1,0
6,2,176.46,425,1,1,1141,2,0,0,352.92,0,2023,9,2,5,176.46,0,0,1,1
3,3,659.57,310,1,0,332,6,1,0,1978.71,0,2023,3,31,4,659.57,1,0,1,0
4,2,478.36,396,4,4,167,3,0,2,956.72,0,2024,12,3,1,478.36,0,0,1,0
5,4,30.05,141,4,3,31,6,0,1,120.2,0,2024,12,3,1,30.05,1,0,1,0
2,4,300.56,529,0,0,513,9,0,1,1202.24,0,2025,4,26,5,300.56,1,0,1,1
6,5,226.45,45,2,3,158,6,0,0,1132.25,0,2024,2,4,6,226.45,1,0,1,1
5,2,349.4,566,4,4,846,2,1,3,698.8,0,2024,1,26,4,349.4,0,0,1,0
6,5,268.78,408,2,1,680,7,2,0,1343.9,0,2023,12,29,4,268.78000000000003,1,0,1,0
0,2,680.85,613,3,1,969,6,0,4,1361.7,0,2024,8,25,6,680.85,1,0,1,1
2,3,182.48,78,0,1,137,3,0,3,547.44,0,2023,7,8,5,182.48000000000002,0,0,1,1
1,1,277.09,136,0,3,300,2,1,4,277.09,0,2024,4,6,5,277.09,0,0,1,1
6,2,26.5,149,4,1,491,3,1,3,53.0,0,2024,4,22,0,26.5,0,0,1,0
4,3,315.27,148,1,0,1157,4,1,0,945.81,0,2023,10,23,0,315.27,0,0,1,0
6,3,450.98,212,1,4,751,8,1,4,1352.94,0,2025,2,24,0,450.98,1,0,1,0
2,5,233.67,134,0,4,286,10,0,4,1168.35,0,2024,9,23,0,233.67,1,0,1,0
0,3,367.75,447,0,2,1103,7,0,1,1103.25,0,2024,1,29,0,367.75,1,0,1,0
0,1,23.53,54,3,1,1182,2,0,3,23.53,0,2025,5,17,5,23.53,0,0,1,1
3,1,677.48,497,4,1,47,1,2,1,677.48,0,2023,5,1,0,677.48,0,0,1,0
2,4,554.83,639,0,3,898,6,0,2,2219.32,0,2024,5,21,1,554.83,1,0,1,0
1,4,440.31,368,0,0,985,6,0,3,1761.24,0,2023,2,17,4,440.31,1,0,1,0
1,1,87.06,535,1,4,400,4,0,0,87.06,0,2025,3,1,5,87.06,0,0,1,1
4,4,245.28,56,1,1,38,6,2,0,981.12,0,2023,10,2,0,245.28,1,0,1,0
4,5,664.51,28,2,2,106,8,1,0,3322.55,1,2023,2,28,1,664.51,1,1,1,0
0,1,618.68,646,4,1,673,6,2,4,618.68,0,2023,4,20,3,618.68,1,0,1,0
3,1,370.85,162,3,1,262,2,0,4,370.85,0,2024,12,24,1,370.85,0,0,1,0
5,4,517.98,467,0,0,889,8,0,1,2071.92,0,2024,6,16,6,517.98,1,0,1,1
2,4,506.11,580,0,0,1161,5,0,4,2024.44,0,2023,11,12,6,506.11,1,0,1,1
4,3,413.83,326,3,4,516,8,1,1,1241.49,0,2024,5,31,4,413.83,1,0,1,0
5,1,249.81,221,0,2,573,1,1,2,249.81,0,2023,12,13,2,249.81,0,0,1,0
6,3,362.53,229,2,3,243,5,0,1,1087.59,0,2025,3,15,5,362.53,1,0,1,1
1,2,299.23,57,1,0,914,2,2,3,598.46,0,2025,6,28,5,299.23,0,0,1,1
6,1,536.07,599,2,1,748,5,0,2,536.07,0,2023,11,15,2,536.07,1,0,1,0
3,4,558.9,611,3,4,1163,9,2,2,2235.6,0,2023,2,11,5,558.9,1,0,1,1
6,2,409.75,226,2,4,780,2,2,1,819.5,0,2024,12,9,0,409.75,0,0,1,0
6,2,179.96,414,3,4,1125,5,0,3,359.92,0,2025,1,11,5,179.96,1,0,1,1
5,1,38.49,83,1,1,548,4,0,4,38.49,0,2025,6,22,6,38.49,0,0,1,1
2,5,316.4,410,3,3,833,7,0,0,1582.0,0,2024,9,20,4,316.4,1,0,1,0
6,3,547.15,262,4,4,84,4,2,3,1641.45,0,2024,10,7,0,547.15,0,0,1,0
0,4,540.34,210,3,4,808,6,2,4,2161.36,0,2023,6,23,4,540.34,1,0,1,0
3,4,73.65,563,2,4,149,9,0,2,294.6,0,2024,9,9,0,73.65,1,0,1,0
1,5,391.86,350,1,4,446,6,0,3,1959.3,1,2024,7,18,3,391.86,1,0,1,0
2,5,69.7,440,4,3,514,9,0,3,348.5,0,2023,8,20,6,69.7,1,0,1,1
3,5,26.43,510,3,4,722,5,0,1,132.15,0,2025,3,5,2,26.43,1,0,1,0
6,1,531.74,280,4,4,198,1,2,2,531.74,0,2023,9,11,0,531.74,0,0,1,0
4,2,496.62,417,4,2,351,2,1,3,993.24,0,2024,9,15,6,496.62,0,0,1,1
5,1,660.66,247,2,1,468,3,2,3,660.66,0,2023,11,29,2,660.66,0,0,1,0
3,4,274.82,599,2,1,1082,9,2,0,1099.28,0,2023,10,23,0,274.82,1,0,1,0
4,2,486.35,484,4,2,510,6,1,4,972.7,0,2024,6,14,4,486.35,1,0,1,0
2,3,428.88,312,2,4,943,3,2,1,1286.64,0,2024,9,24,1,428.88000000000005,0,0,1,0
1,2,412.14,21,1,3,222,2,0,3,824.28,0,2023,9,8,4,412.14,0,0,1,0
1,1,265.64,361,1,3,17,3,2,3,265.64,0,2024,9,22,6,265.64,0,0,1,1
6,2,273.43,513,0,4,1111,7,2,4,546.86,0,2024,5,7,1,273.43,1,0,1,0
2,5,131.7,517,0,4,26,8,0,2,658.5,0,2025,1,29,2,131.7,1,0,1,0
0,5,85.52,141,3,0,724,5,0,1,427.6,0,2023,8,23,2,85.52000000000001,1,0,1,0
1,2,320.68,165,1,4,625,5,0,4,641.36,0,2024,6,19,2,320.68,1,0,1,0
2,4,198.81,396,0,3,1143,9,0,4,795.24,0,2025,2,12,2,198.81,1,0,1,0
5,5,666.8,276,2,1,918,7,1,4,3334.0,1,2023,10,30,0,666.8,1,1,1,0
1,1,355.09,413,2,0,128,5,1,3,355.09,0,2023,12,20,2,355.09,1,0,1,0
4,2,316.2,200,4,3,352,2,0,3,632.4,0,2023,6,6,1,316.2,0,0,1,0
2,1,133.39,263,2,4,164,2,1,4,133.39,0,2024,8,3,5,133.39,0,0,1,1
3,1,454.23,111,3,3,29,3,0,1,454.23,0,2023,2,25,5,454.23,0,0,1,1
1,4,491.29,283,2,2,12,6,0,0,1965.16,0,2024,9,6,4,491.29,1,0,1,0
4,2,255.14,84,0,4,484,2,0,2,510.28,0,2025,6,24,1,255.14,0,0,1,0
3,1,392.61,633,3,0,72,4,1,4,392.61,0,2023,2,26,6,392.61,0,0,1,1
6,4,362.06,137,2,3,15,4,0,1,1448.24,0,2024,10,11,4,362.06,0,0,1,0
4,1,222.73,15,4,3,944,4,0,2,222.73,0,2024,5,10,4,222.73,0,0,1,0
3,2,552.63,367,2,1,419,7,2,3,1105.26,0,2024,8,31,5,552.63,1,0,1,1
2,4,686.61,56,0,4,556,6,0,4,2746.44,0,2023,5,8,0,686.61,1,1,1,0
5,3,305.16,11,1,0,489,8,1,4,915.48,0,2025,3,7,4,305.16,1,0,1,0
1,1,41.09,556,4,3,1057,4,2,0,41.09,0,2023,3,18,5,41.09,0,0,1,1
4,5,634.0,32,3,1,1188,8,0,0,3170.0,0,2024,6,20,3,634.0,1,1,1,0
2,5,464.74,241,3,1,304,7,0,4,2323.7,0,2023,1,20,4,464.73999999999995,1,0,1,0
3,4,425.6,281,1,2,1000,5,0,2,1702.4,0,2023,4,21,4,425.6,1,0,1,0
0,3,573.22,57,2,2,645,5,1,0,1719.66,0,2023,10,6,4,573.22,1,0,1,0
0,1,123.28,569,1,1,1187,3,1,0,123.28,0,2024,7,9,1,123.28,0,0,1,0
4,1,70.82,22,3,2,403,1,2,3,70.82,0,2023,1,8,6,70.82,0,0,1,1
5,2,646.69,219,2,4,1079,7,2,3,1293.38,0,2023,5,21,6,646.69,1,0,1,1
6,2,513.42,217,4,2,1080,5,2,3,1026.84,0,2023,12,23,5,513.42,1,0,1,1
2,4,693.07,308,4,4,500,8,1,3,2772.28,0,2025,3,23,6,693.07,1,1,1,1
1,3,491.43,81,3,4,151,6,2,3,1474.29,0,2023,11,30,3,491.43,1,0,1,0
6,2,599.74,243,3,4,757,2,0,3,1199.48,0,2025,3,15,5,599.74,0,0,1,1
3,2,650.25,651,3,3,346,6,0,3,1300.5,0,2023,2,25,5,650.25,1,0,1,1
2,3,209.48,18,2,2,617,4,0,0,628.44,0,2024,10,8,1,209.48000000000002,0,0,1,0
2,5,209.2,597,2,1,488,6,2,0,1046.0,0,2023,8,21,0,209.2,1,0,1,0
4,4,197.36,330,3,3,172,9,0,3,789.44,0,2023,6,9,4,197.36,1,0,1,0
5,4,648.91,371,1,4,584,6,1,3,2595.64,1,2023,6,28,2,648.91,1,1,1,0
4,2,441.54,213,4,1,1102,2,1,0,883.08,0,2024,4,23,1,441.54,0,0,1,0
6,2,464.92,478,2,3,512,2,0,1,929.84,0,2025,5,3,5,464.92,0,0,1,1
3,5,506.45,172,3,4,1195,7,2,2,2532.25,0,2024,12,26,3,506.45,1,1,1,0
3,4,255.86,42,1,1,1086,7,0,0,1023.44,0,2023,6,17,5,255.86,1,0,1,1
2,2,125.23,121,0,0,659,3,0,0,250.46,0,2024,9,19,3,125.23,0,0,1,0
2,5,38.11,233,2,0,925,6,2,3,190.55,1,2023,8,17,3,38.11,1,0,1,0
3,3,161.97,574,0,2,999,4,1,0,485.91,0,2025,6,8,6,161.97,0,0,1,1
0,4,347.17,652,2,4,1002,8,0,3,1388.68,0,2024,6,3,0,347.17,1,0,1,0
2,4,276.32,23,4,1,215,5,0,2,1105.28,0,2023,4,24,0,276.32,1,0,1,0
6,4,314.76,534,4,4,698,8,0,3,1259.04,0,2024,7,25,3,314.76,1,0,1,0
6,3,475.69,559,3,0,178,3,0,2,1427.07,0,2024,1,8,0,475.69,0,0,1,0
0,1,372.8,573,0,0,841,6,1,1,372.8,0,2023,3,12,6,372.8,1,0,1,1
6,2,63.21,129,4,0,937,4,1,2,126.42,0,2025,6,30,0,63.21,0,0,1,0
2,1,634.94,258,4,0,518,5,2,3,634.94,0,2023,3,20,0,634.94,1,0,1,0
5,4,77.47,267,3,3,283,7,1,3,309.88,0,2024,4,8,0,77.47,1,0,1,0
0,3,84.31,581,1,4,338,3,1,0,252.93,0,2024,2,25,6,84.31,0,0,1,1
3,4,234.45,184,4,0,1077,9,0,3,937.8,0,2023,5,6,5,234.45,1,0,1,1
1,1,356.81,335,4,1,935,1,2,3,356.81,0,2023,10,13,4,356.81,0,0,1,0
1,4,209.99,50,0,1,936,8,0,2,839.96,0,2023,3,19,6,209.99,1,0,1,1
6,3,659.88,367,3,0,920,3,0,2,1979.64,0,2023,3,16,3,659.88,0,0,1,0
2,2,336.32,334,4,3,1053,3,0,2,672.64,0,2025,6,20,4,336.32,0,0,1,0
5,2,531.49,334,1,1,669,7,2,1,1062.98,0,2023,10,14,5,531.49,1,0,1,1
0,3,588.44,542,3,4,1139,8,2,2,1765.32,0,2024,5,20,0,588.4399999999999,1,0,1,0
4,3,251.48,182,1,3,1189,4,0,0,754.44,0,2024,5,24,4,251.48000000000002,0,0,1,0
2,1,684.65,107,1,1,195,1,0,0,684.65,0,2024,11,24,6,684.65,0,0,1,1
6,1,195.86,119,4,2,962,3,0,1,195.86,0,2025,5,10,5,195.86,0,0,1,1
4,3,50.34,209,3,3,420,3,0,3,151.02,0,2023,5,28,6,50.34,0,0,1,1
3,5,678.19,467,4,3,291,8,0,1,3390.95,1,2023,6,7,2,678.1899999999999,1,1,1,0
6,3,554.25,530,2,4,845,6,2,4,1662.75,0,2023,4,14,4,554.25,1,0,1,0
0,4,576.87,562,3,3,382,5,0,3,2307.48,0,2023,5,9,1,576.87,1,0,1,0
1,4,408.36,43,3,0,759,4,0,4,1633.44,0,2023,10,16,0,408.36,0,0,1,0
4,5,190.11,158,0,1,341,7,1,2,950.55,0,2024,7,22,0,190.10999999999999,1,0,1,0
5,3,602.75,589,1,4,305,6,1,0,1808.25,0,2025,3,15,5,602.75,1,0,1,1
3,3,646.79,247,0,0,11,5,2,2,1940.37,0,2023,8,17,3,646.79,1,0,1,0
0,4,418.71,97,0,2,353,8,0,3,1674.84,0,2023,6,11,6,418.71,1,0,1,1
2,2,323.45,310,1,3,226,5,0,3,646.9,0,2025,2,16,6,323.45,1,0,1,1
4,1,694.5,68,1,2,402,3,2,1,694.5,0,2024,7,18,3,694.5,0,0,1,0
0,2,337.32,611,1,0,257,4,1,0,674.64,0,2024,12,2,0,337.32,0,0,1,0
5,2,467.91,236,3,3,888,5,2,1,935.82,0,2024,4,9,1,467.91,1,0,1,0
1,4,38.28,612,2,0,571,4,2,1,153.12,0,2024,6,8,5,38.28,0,0,1,1
5,2,73.41,334,4,4,1164,2,1,2,146.82,0,2023,12,28,3,73.41,0,0,1,0
6,3,668.33,490,3,2,328,4,2,1,2004.99,0,2023,9,24,6,668.33,0,0,1,1
5,4,410.21,528,0,2,648,5,2,3,1640.84,0,2024,7,29,0,410.21,1,0,1,0
1,4,294.41,65,2,2,594,4,0,3,1177.64,0,2023,12,18,0,294.41,0,0,1,0
0,3,501.82,339,3,0,235,4,0,0,1505.46,0,2025,3,1,5,501.82,0,0,1,1
5,2,552.83,574,1,0,365,3,0,4,1105.66,0,2024,6,24,0,552.83,0,0,1,0
0,3,498.66,199,0,0,220,6,0,0,1495.98,0,2025,2,16,6,498.66,1,0,1,1
4,4,695.1,273,2,3,972,8,0,0,2780.4,0,2024,8,23,4,695.1,1,1,1,0
0,1,381.61,10,2,2,531,5,0,0,381.61,0,2023,4,3,0,381.61,1,0,1,0
1,5,507.94,135,4,0,1039,9,0,1,2539.7,1,2023,2,16,3,507.93999999999994,1,1,1,0
1,3,571.53,511,2,1,642,6,0,1,1714.59,0,2025,5,12,0,571.53,1,0,1,0
3,5,421.44,131,0,2,1110,5,1,3,2107.2,0,2024,10,3,3,421.43999999999994,1,0,1,0
0,2,588.3,94,4,2,170,2,0,0,1176.6,0,2025,1,2,3,588.3,0,0,1,0
4,1,355.15,245,0,3,747,2,1,0,355.15,0,2024,6,25,1,355.15,0,0,1,0
0,2,695.29,617,1,2,239,6,0,3,1390.58,0,2024,7,25,3,695.29,1,0,1,0
1,4,302.65,14,1,0,912,8,1,4,1210.6,0,2023,2,20,0,302.65,1,0,1,0
0,2,608.04,620,0,0,806,4,0,2,1216.08,0,2023,1,29,6,608.04,0,0,1,1
6,2,344.18,310,1,4,406,7,0,4,688.36,0,2023,11,9,3,344.18,1,0,1,0
3,4,696.71,125,2,4,349,4,0,3,2786.84,0,2024,12,16,0,696.71,0,1,1,0
3,3,198.63,355,0,2,768,8,1,3,595.89,0,2025,6,11,2,198.63,1,0,1,0
5,4,534.57,406,1,1,679,6,0,1,2138.28,0,2023,8,13,6,534.57,1,0,1,1
2,4,690.78,636,1,4,1173,9,0,4,2763.12,0,2023,7,19,2,690.78,1,1,1,0
3,3,301.55,100,2,1,154,5,0,2,904.65,0,2024,5,29,2,301.55,1,0,1,0
3,4,27.42,401,2,2,134,4,1,4,109.68,0,2023,4,20,3,27.42,0,0,1,0
1,4,466.7,552,2,3,664,8,0,3,1866.8,0,2024,2,23,4,466.7,1,0,1,0
1,1,541.64,249,2,4,812,5,1,0,541.64,0,2024,9,4,2,541.64,1,0,1,0
4,1,11.39,514,0,0,337,6,2,0,11.39,0,2023,10,16,0,11.39,1,0,1,0
4,2,224.37,108,2,1,303,3,2,4,448.74,0,2025,3,11,1,224.37,0,0,1,0
2,3,306.29,623,1,3,118,7,2,3,918.87,0,2024,6,11,1,306.29,1,0,1,0
6,5,315.57,169,2,1,712,6,2,0,1577.85,0,2024,1,8,0,315.57,1,0,1,0
0,3,223.79,372,2,2,696,3,0,2,671.37,0,2023,7,14,4,223.79,0,0,1,0
0,3,324.47,628,0,1,348,4,2,0,973.41,0,2023,7,31,0,324.46999999999997,0,0,1,0
5,2,92.87,183,1,2,271,5,0,1,185.74,0,2023,10,17,1,92.87,1,0,1,0
2,2,331.42,139,1,1,967,6,2,2,662.84,0,2023,4,8,5,331.42,1,0,1,1
0,1,525.43,388,0,0,221,2,1,3,525.43,0,2024,12,23,0,525.43,0,0,1,0
5,2,697.19,465,0,3,381,7,0,0,1394.38,0,2023,8,3,3,697.19,1,0,1,0
4,4,518.4,426,1,1,933,7,1,1,2073.6,0,2023,8,28,0,518.4,1,0,1,0
1,3,131.96,456,1,2,292,8,0,3,395.88,0,2025,2,4,1,131.96,1,0,1,0
3,1,208.36,428,4,4,268,4,0,0,208.36,0,2024,10,4,4,208.36,0,0,1,0
5,3,222.34,5,1,3,568,5,2,0,667.02,0,2023,11,27,0,222.34,1,0,1,0
5,3,91.74,190,2,3,189,8,0,4,275.22,0,2024,9,10,1,91.74000000000001,1,0,1,0
6,2,213.83,194,2,0,595,2,2,0,427.66,0,2023,8,13,6,213.83,0,0,1,1
5,1,127.55,237,0,4,445,3,1,4,127.55,0,2023,4,27,3,127.55,0,0,1,0
3,1,70.24,253,1,0,3,4,0,2,70.24,0,2024,9,8,6,70.24,0,0,1,1
2,5,518.55,577,1,0,494,6,2,3,2592.75,1,2023,1,8,6,518.55,1,1,1,1
0,4,298.36,440,2,2,509,8,0,2,1193.44,0,2023,10,31,1,298.36,1,0,1,0
1,3,158.74,136,4,2,462,7,0,3,476.22,0,2023,7,27,3,158.74,1,0,1,0
0,2,420.29,427,3,3,1168,3,1,2,840.58,0,2025,6,14,5,420.29,0,0,1,1
1,1,281.52,256,3,4,971,6,2,4,281.52,0,2023,4,5,2,281.52,1,0,1,0
2,1,204.08,635,3,3,1005,4,0,2,204.08,0,2023,9,27,2,204.08,0,0,1,0
0,1,343.31,474,3,3,133,6,1,2,343.31,0,2024,7,8,0,343.31,1,0,1,0
3,1,163.32,415,0,4,973,6,2,1,163.32,0,2023,11,18,5,163.32,1,0,1,1
1,2,184.6,334,3,1,649,7,2,0,369.2,0,2024,3,13,2,184.6,1,0,1,0
5,2,371.29,593,3,4,176,5,2,1,742.58,0,2023,10,7,5,371.29,1,0,1,1
6,5,389.22,36,0,0,661,7,0,4,1946.1,0,2024,8,17,5,389.21999999999997,1,0,1,1
1,3,616.39,461,1,4,966,6,0,3,1849.17,0,2025,6,8,6,616.39,1,0,1,1
1,4,376.43,499,3,2,779,5,2,3,1505.72,0,2025,2,10,0,376.43,1,0,1,0
0,3,432.85,654,4,2,83,4,0,3,1298.55,0,2024,2,28,2,432.84999999999997,0,0,1,0
6,1,687.89,174,0,3,366,1,0,0,687.89,0,2025,6,16,0,687.89,0,0,1,0
5,3,189.44,442,0,2,678,4,0,0,568.32,0,2023,11,19,6,189.44000000000003,0,0,1,1
1,1,107.04,208,1,0,360,6,0,2,107.04,0,2024,6,20,3,107.04,1,0,1,0
3,2,662.53,475,4,0,801,5,0,1,1325.06,0,2024,3,4,0,662.53,1,0,1,0
6,2,436.84,124,4,1,1027,2,0,3,873.68,0,2023,7,13,3,436.84,0,0,1,0
0,4,262.52,292,2,0,829,4,2,3,1050.08,0,2024,8,22,3,262.52,0,0,1,0
6,4,560.58,73,3,3,532,6,1,4,2242.32,0,2023,6,11,6,560.58,1,0,1,1
