Quantity,UnitPrice,ItemsInCart,TotalPrice
1.4599927111375337,1.0868224981398293,0.6641729724549916,2.195361845550165
-0.6722481651688036,-1.0404260837596455,-1.0894190340268348,-0.9167231957456673
1.4599927111375337,0.9856529970472739,1.1025709740754481,2.073704506067263
-1.3829951239375826,-0.4222469456895903,-0.2126230307859216,-0.9527323039516898
0.7492457523687547,1.367854527503752,1.1025709740754481,1.7694269316093232
-0.6722481651688036,-0.5609110612793359,-0.6510210324063782,-0.686074546707972
-1.3829951239375826,1.562735196358568,0.22577497083453502,-0.4753401181352813
1.4599927111375337,-1.0495587368171477,1.5409689756959049,-0.37365801082223954
-0.6722481651688036,-1.127034076921627,-1.5278170356472913,-0.9583819878213574
0.7492457523687547,0.7761093463390234,0.22577497083453502,1.2001633206207207
1.4599927111375337,1.3676515796580297,1.5409689756959049,2.533061631928232
0.03849879359997556,-1.5590085665414932,0.6641729724549916,-1.106201146346521
-0.6722481651688036,-0.8925278411895362,0.22577497083453502,-0.8455835478835488
0.03849879359997556,-0.7860309591467715,-0.6510210324063782,-0.5484931522576484
-0.6722481651688036,0.1873069089372679,-1.0894190340268348,-0.3261787021032853
-1.3829951239375826,0.5963990289519473,-1.0894190340268348,-0.70774590427283
-0.6722481651688036,0.9000597431139037,-1.0894190340268348,0.016658269823658242
-1.3829951239375826,0.3398729519589894,-1.0894190340268348,-0.7694409402232367
-1.3829951239375826,0.38066546894916714,-1.0894190340268348,-0.7596302580823887
1.4599927111375337,-0.6718220589665602,1.5409689756959049,0.0805741318308242
1.4599927111375337,-1.491173249108822,1.5409689756959049,-0.9047038898890316
0.7492457523687547,-0.06830590274993968,0.22577497083453502,0.38782907748573736
-0.6722481651688036,-1.5565731923928259,-1.5278170356472913,-1.164992025145781
0.7492457523687547,-0.4219425239210069,-0.2126230307859216,0.047627811208573775
-0.6722481651688036,-0.6365598707723147,-1.0894190340268348,-0.7224619274841019
-1.3829951239375826,0.2210469882885966,-1.0894190340268348,-0.7980188227777961
1.4599927111375337,-1.5061913896922705,0.22577497083453502,-0.9227633545264132
-1.3829951239375826,0.590209119657418,0.22577497083453502,-0.7092345898713168
0.7492457523687547,-0.9961834533921891,-0.2126230307859216,-0.5047965692397675
0.03849879359997556,0.3405325324575868,0.22577497083453502,0.26432918451618304
-0.6722481651688036,0.3566161492310773,-0.2126230307859216,-0.24474027846147076
0.03849879359997556,0.7289239722085941,0.22577497083453502,0.5445559449198798
1.4599927111375337,0.9148241988901998,1.9793669773163614,1.9885321660882598
-1.3829951239375826,-0.9824844738059353,-0.6510210324063782,-1.087470552955723
0.7492457523687547,1.1167573053838649,-0.2126230307859216,1.5278693897433717
-0.6722481651688036,0.5516997659316158,-1.5278170356472913,-0.1509042763929131
-0.6722481651688036,0.9032054347225991,-0.2126230307859216,0.01817136010408753
-0.6722481651688036,-1.4189745529931221,0.6641729724549916,-1.0988065277179713
-1.3829951239375826,-0.5607588503950443,-1.0894190340268348,-0.9860446948030764
0.03849879359997556,-0.5071298821629326,-0.6510210324063782,-0.3472643473015257
-0.6722481651688036,-0.06287704787686882,-0.6510210324063782,-0.4465181887612978
0.03849879359997556,1.2939815116608435,-0.6510210324063782,0.9522483591087719
-0.6722481651688036,-1.0388532379552977,0.22577497083453502,-0.9159666506054528
0.03849879359997556,0.7245098565641345,1.1025709740754481,0.5413711339263957
-0.6722481651688036,0.9831161489757455,-1.0894190340268348,0.05660873416337969
-1.3829951239375826,-0.19869989362650245,-1.966215037267748,-0.8989687896325658
0.7492457523687547,0.9829132011300235,-0.6510210324063782,1.3991102878152284
-0.6722481651688036,-0.7431582267379405,-1.0894190340268348,-0.7737361642451005
-0.6722481651688036,-1.398527557536603,-0.6510210324063782,-1.0889714408951812
-1.3829951239375826,-1.6538866844166575,-1.966215037267748,-1.2489441310276637
-1.3829951239375826,-0.899022172252649,0.22577497083453502,-1.0673977020580925
-1.3829951239375826,0.1619384282219833,-1.5278170356472913,-0.8122345500092487
-1.3829951239375826,1.16708837112299,-0.2126230307859216,-0.570493973028729
0.7492457523687547,0.6715912057920508,-0.2126230307859216,1.099616031018001
-1.3829951239375826,-0.3864266509196085,-0.2126230307859216,-0.94411745122602
0.03849879359997556,-0.06094904334250721,-1.0894190340268348,-0.025342187799225258
0.03849879359997556,0.6230359337029961,-0.2126230307859216,0.46815708809917256
1.4599927111375337,-0.21381950813281217,0.22577497083453502,0.6313267915661104
0.7492457523687547,0.600102827136379,0.22577497083453502,1.030843637304296
0.7492457523687547,1.2017417157800683,-0.2126230307859216,1.6096250742504374
-1.3829951239375826,0.30790866625773106,-1.0894190340268348,-0.7771284150350951
0.7492457523687547,-1.1883243263297547,0.6641729724549916,-0.6896376302715636
-0.6722481651688036,-1.5894000064384042,-1.0894190340268348,-1.180781854362519
-1.3829951239375826,1.0575980083558214,0.22577497083453502,-0.5968266248445869
0.03849879359997556,-1.145654541766646,-0.6510210324063782,-0.8079637306693274
1.4599927111375337,-1.3938090201235598,0.22577497083453502,-0.7876224282703305
1.4599927111375337,-1.163057319537331,1.5409689756959049,-0.5101411945851546
0.7492457523687547,-1.7469382716803212,1.1025709740754481,-1.2270287266433815
0.03849879359997556,0.6824489155381929,-0.2126230307859216,0.5110239119310116
0.03849879359997556,0.6201946638628842,-0.6510210324063782,0.4661070948160102
-1.3829951239375826,1.3840903551615342,-1.5278170356472913,-0.5183045606948901
0.03849879359997556,0.39593729433976843,-0.6510210324063782,0.3043040535378469
0.7492457523687547,1.1823094595521608,-0.2126230307859216,1.5909310878825536
0.7492457523687547,0.3908635981967115,-0.6510210324063782,0.8295538206433171
1.4599927111375337,-1.3472832264917278,-0.2126230307859216,-0.7316746949173608
0.03849879359997556,0.21186359826966356,-0.2126230307859216,0.17149377440726415
0.7492457523687547,0.13428678424232315,0.22577497083453502,0.5827248674778055
-1.3829951239375826,1.1505481216966238,-0.2126230307859216,-0.5744719361853415
0.7492457523687547,-0.9186066393648487,-0.6510210324063782,-0.4301670518598845
-0.6722481651688036,-0.2257934310304263,-1.5278170356472913,-0.5248816224783689
0.03849879359997556,1.182918303089327,0.22577497083453502,0.8721155859508763
-0.6722481651688036,0.19222839419603324,0.22577497083453502,-0.3238114479548717
0.7492457523687547,1.059323065044461,1.5409689756959049,1.472617189825761
0.7492457523687547,0.9335461376580795,0.22577497083453502,1.351618776755303
-0.6722481651688036,-0.9686840202968205,-0.6510210324063782,-0.8822149754791028
0.03849879359997556,-1.0638665599405683,1.1025709740754481,-0.7489532097325856
1.4599927111375337,1.4542088358585805,-0.2126230307859216,2.637147600412601
0.03849879359997556,-0.666190256247767,-0.6510210324063782,-0.46202736413569784
0.03849879359997556,-1.2258189408269453,0.6641729724549916,-0.8658028268728335
1.4599927111375337,0.5018760698067969,1.1025709740754481,1.4919579002651189
0.7492457523687547,-0.8845114012835061,-0.6510210324063782,-0.39736715932928857
1.4599927111375337,0.6917337794799869,0.22577497083453502,1.720263699836343
0.7492457523687547,-1.5616976254973132,0.6641729724549916,-1.0488257390999203
0.7492457523687547,0.37848377960765267,0.6641729724549916,0.8176443358554222
-1.3829951239375826,0.886715922257664,0.22577497083453502,-0.6379241092356016
0.7492457523687547,-1.2121199612406917,0.6641729724549916,-0.712529221933542
-0.6722481651688036,-0.6270213220233676,0.6641729724549916,-0.7178738472789291
1.4599927111375337,1.3349262395353125,1.5409689756959049,2.4937090822960997
-0.6722481651688036,-0.6487874784770818,-1.0894190340268348,-0.7283434558322223
-1.3829951239375826,-0.7855743264938962,-1.5278170356472913,-1.0401132676464808
0.03849879359997556,1.564612463931499,0.22577497083453502,1.147510219329976
-1.3829951239375826,0.1248497094162372,0.22577497083453502,-0.8211544612591987
-0.6722481651688036,-1.4514462083086865,-1.0894190340268348,-1.1144255241611123
0.7492457523687547,-0.7000825464833872,1.5409689756959049,-0.21994512160798446
-1.3829951239375826,1.1447641080935391,-1.966215037267748,-0.5758630030560588
0.03849879359997556,-0.8676667300885572,0.6641729724549916,-0.6073938521256494
0.03849879359997556,0.5511923963173103,-1.0894190340268348,0.41632154365349855
1.4599927111375337,1.5948516929441185,1.1025709740754481,2.8062720462734867
1.4599927111375337,-1.5628645756102164,1.5409689756959049,-0.9909134288505869
0.03849879359997556,1.1997122373228457,-1.0894190340268348,0.8842325105352815
-1.3829951239375826,-0.688210097508634,-0.2126230307859216,-1.0166969753227406
0.03849879359997556,-0.23944167365524938,0.6641729724549916,-0.15412569440931076
-1.3829951239375826,0.2749296413278611,-1.5278170356472913,-0.7850599366663776
1.4599927111375337,-0.8439218321390508,1.5409689756959049,-0.12637757104079317
1.4599927111375337,0.7208060583797031,1.1025709740754481,1.7552234067188421
1.4599927111375337,0.09425532167360412,1.5409689756959049,1.0017898634518596
0.7492457523687547,-0.33010862373167654,0.22577497083453502,0.13597275984008983
-1.3829951239375826,0.9086342895956702,-0.2126230307859216,-0.6326526979360415
1.4599927111375337,0.7422677930648337,0.6641729724549916,1.7810313578729384
-0.6722481651688036,0.9044231217969327,0.6641729724549916,0.01875707247070534
0.7492457523687547,1.3847499356601316,-0.6510210324063782,1.785680449782967
-1.3829951239375826,0.2758429066336111,-1.966215037267748,-0.784840294528896
-0.6722481651688036,0.896051523160889,-1.5278170356472913,0.014730299950208121
0.03849879359997556,-0.39763951939576414,-0.2126230307859216,-0.2682663918539516
0.7492457523687547,-0.36846576657318686,1.1025709740754481,0.09907288074316935
-0.6722481651688036,0.7927003327268195,-0.2126230307859216,-0.03498203716647642
0.7492457523687547,-0.41052670759912885,1.1025709740754481,0.058609918082657246
0.03849879359997556,0.5728570788481633,-1.0894190340268348,0.4319527424376106
0.7492457523687547,-1.7014272172771008,-0.6510210324063782,-1.1832467272387022
0.7492457523687547,-0.46922937197429737,-0.6510210324063782,0.0021374840679258145
0.03849879359997556,0.7351138815031236,-1.0894190340268348,0.5490220017153405
-1.3829951239375826,-1.3780805620800833,-0.2126230307859216,-1.1826122055081996
0.7492457523687547,0.4786385414715963,0.22577497083453502,0.9139940201640478
0.7492457523687547,-0.27582007500096756,0.22577497083453502,0.1881987791968423
-0.6722481651688036,-0.7951128752428434,-0.6510210324063782,-0.798726558554126
-0.6722481651688036,-1.4592089634075636,-0.2126230307859216,-1.1181594404983006
-1.3829951239375826,-1.5833115710667356,-1.966215037267748,-1.231970674736719
-0.6722481651688036,-0.5349337370268845,-0.2126230307859216,-0.6735793495534592
-1.3829951239375826,-0.29606412261176474,-1.0894190340268348,-0.922385081956306
-1.3829951239375826,1.154201182919625,-1.966215037267748,-0.5735933676354148
0.03849879359997556,0.8712918859827712,-1.0894190340268348,0.647275251215474
0.03849879359997556,1.6627884842996505,-1.0894190340268348,1.2183448086678146
1.4599927111375337,-0.42437789806967435,0.6641729724549916,0.3781282164136302
0.7492457523687547,0.22150362094147158,-0.2126230307859216,0.6666281639958032
1.4599927111375337,-0.6932330566902604,1.1025709740754481,0.054827192381584164
0.03849879359997556,-1.0629532946348181,0.22577497083453502,-0.7482942833201405
-0.6722481651688036,0.2794452308951817,-0.6510210324063782,-0.2818597996958728
-0.6722481651688036,0.5518519768159077,-1.5278170356472913,-0.1508310623470858
-0.6722481651688036,-0.18520386188597093,-1.0894190340268348,-0.5053578769244427
-1.3829951239375826,-0.7044966621278468,-1.0894190340268348,-1.0206139267744971
-0.6722481651688036,-1.2726998931887912,-0.2126230307859216,-1.02844782967801
1.4599927111375337,0.4482471015746853,0.6641729724549916,1.4274685282323065
-0.6722481651688036,0.2162777139141231,-1.0894190340268348,-0.31224362871417044
0.7492457523687547,0.9034591195297522,1.5409689756959049,1.3226748239716077
0.7492457523687547,0.26280350754595483,1.5409689756959049,0.7063589861980429
-1.3829951239375826,0.34494664810204634,0.22577497083453502,-0.7682207061261164
-0.6722481651688036,-0.4392945647302617,-0.6510210324063782,-0.6275765240920207
-0.6722481651688036,1.0561773734357656,-0.6510210324063782,0.09175147616044703
-1.3829951239375826,-0.1286321498908864,-0.2126230307859216,-0.8821173567513333
-1.3829951239375826,-0.2895190545872212,-0.2126230307859216,-0.9208109799710206
0.7492457523687547,-1.2942631017967832,0.6641729724549916,-0.7915515820630582
-1.3829951239375826,-0.7370697913662723,-1.966215037267748,-1.02844782967801
0.03849879359997556,-1.4741763670295813,1.1025709740754481,-1.0449942040349622
-1.3829951239375826,1.4458879741839674,-1.966215037267748,-0.5034421093919638
1.4599927111375337,0.9141138814301719,-0.2126230307859216,1.9876780022202758
-0.6722481651688036,0.7299894483986362,0.6641729724549916,-0.06514622404729226
0.03849879359997556,-1.3705207548269285,0.22577497083453502,-0.9702060562224538
-0.6722481651688036,0.14067964138257483,-1.5278170356472913,-0.34860660480835803
-1.3829951239375826,1.2103162622618349,0.22577497083453502,-0.5600975785212633
-1.3829951239375826,0.36229868891130107,-1.5278170356472913,-0.7640475055139647
0.7492457523687547,1.5552261260668443,1.1025709740754481,1.949679912435947
-0.6722481651688036,-1.0563067526874135,0.6641729724549916,-0.9243618611936408
-1.3829951239375826,-0.5190023311376858,-1.966215037267748,-0.9760021681837757
0.03849879359997556,1.5629381442042907,-0.6510210324063782,1.146302187573827
0.7492457523687547,1.2399973846987173,1.5409689756959049,1.6464273346195881
1.4599927111375337,-1.4615936005948005,0.22577497083453502,-0.8691340659579723
0.7492457523687547,0.37757051430190236,1.1025709740754481,0.8167657673054954
1.4599927111375337,0.3819338929849314,1.9793669773163614,1.3477262299854889
0.7492457523687547,0.7897068520024157,-0.2126230307859216,1.2132442301418511
0.03849879359997556,0.931009289586551,1.1025709740754481,0.6903617171847948
1.4599927111375337,-0.20468685507530965,1.9793669773163614,0.6423088984401938
1.4599927111375337,0.24342198827947745,1.9793669773163614,1.1811642757285565
-1.3829951239375826,1.2386274867400922,-0.6510210324063782,-0.5532886722593315
1.4599927111375337,-0.8632018774826672,1.1025709740754481,-0.14956201888608064
0.7492457523687547,-0.7198192244798787,0.6641729724549916,-0.23893196415917772
-1.3829951239375826,-0.7393022176692173,-1.5278170356472913,-1.0289847326807429
-0.6722481651688036,-1.1307378751060586,0.6641729724549916,-0.9601635296031531
-1.3829951239375826,1.1895648450367318,0.22577497083453502,-0.5650883359784856
-0.6722481651688036,0.038038768408533534,-1.5278170356472913,-0.39797727637784874
1.4599927111375337,0.37056881362448385,-0.2126230307859216,1.3340596080977407
0.03849879359997556,-0.6733441678094774,-1.0894190340268348,-0.4671889543665172
-0.6722481651688036,0.6720478384449261,-0.6510210324063782,-0.09301637082552192
-1.3829951239375826,1.4665379174862092,-0.2126230307859216,-0.49847575661668375
-1.3829951239375826,-1.571591332976274,0.22577497083453502,-1.229151933972371
-1.3829951239375826,-0.5420876485885948,-1.0894190340268348,-0.9815542333256735
0.03849879359997556,1.3333533937309652,0.22577497083453502,0.9806554088897347
0.7492457523687547,-0.7066783514693612,1.1025709740754481,-0.2262903389130105
1.4599927111375337,-0.6844555623627719,-0.2126230307859216,0.06538221732167533
0.7492457523687547,-0.0817511975290404,1.1025709740754481,0.37489459605626135
-1.3829951239375826,1.3627300943992644,-0.2126230307859216,-0.5234417462437669
1.4599927111375337,0.3898995959295307,1.5409689756959049,1.3573050676478844
-0.6722481651688036,1.6159075319378047,-0.6510210324063782,0.36098392734908885
0.03849879359997556,-0.5197126485977138,-1.0894190340268348,-0.3563428889841013
0.03849879359997556,0.0021677366771208567,-0.2126230307859216,0.02019694870530747
0.7492457523687547,0.2907088363327679,1.5409689756959049,0.7332041363346914
0.03849879359997556,-1.0605179204861508,-1.0894190340268348,-0.746537146220287
0.7492457523687547,-0.6459462086369699,1.1025709740754481,-0.16786553034288643
-1.3829951239375826,-1.1895420134040884,-1.0894190340268348,-1.137268306459206
-0.6722481651688036,0.2633616141216912,-1.0894190340268348,-0.2895960838716161
1.4599927111375337,-0.854627331000901,1.5409689756959049,-0.13925104076541334
0.03849879359997556,0.010488598351734423,0.6641729724549916,0.02620050046313986
0.03849879359997556,-0.8261638956383516,0.6641729724549916,-0.5774493073823151
-1.3829951239375826,-0.4618725125668649,0.22577497083453502,-0.9622623322502002
-1.3829951239375826,1.4104228381439994,0.22577497083453502,-0.5119715457308353
0.7492457523687547,-0.2571996101559486,-0.2126230307859216,0.20611181574256965
-1.3829951239375826,-0.2679558459792293,-0.2126230307859216,-0.915624985058259
0.7492457523687547,0.7082232919449218,1.1025709740754481,1.1348563917428378
0.7492457523687547,-0.17708594805708003,1.5409689756959049,0.28318180131669307
0.03849879359997556,-1.237742126763129,0.22577497083453502,-0.8744054772575324
1.4599927111375337,-1.493913045026073,0.22577497083453502,-0.9079985219512565
-0.6722481651688036,0.08502119469324056,0.22577497083453502,-0.3753785408991792
1.4599927111375337,1.4356391079749924,0.22577497083453502,2.614817316435298
0.7492457523687547,1.7095679627386355,1.1025709740754481,2.0981579973735554
0.7492457523687547,1.7072847994742597,1.5409689756959049,2.0959615759987384
0.7492457523687547,-1.3442897457673244,1.5409689756959049,-0.8396776148534862
0.03849879359997556,-0.4183401996594366,1.1025709740754481,-0.2832020572027054
0.03849879359997556,1.1752570219133112,1.1025709740754481,0.866587925490921
-0.6722481651688036,0.0444316255487852,-0.6510210324063782,-0.3949022864531054
0.7492457523687547,0.1497108205172163,1.1025709740754481,0.5975629140987895
-1.3829951239375826,1.0461821920339434,-1.0894190340268348,-0.5995721515631077
0.7492457523687547,-1.4942174667946562,0.22577497083453502,-0.9839092851331158
0.7492457523687547,-1.5957421266172254,1.5409689756959049,-1.0815768222666315
0.7492457523687547,0.4466235188089071,1.1025709740754481,0.8831953115527293
0.03849879359997556,-0.2287361747933995,-1.0894190340268348,-0.1464016125745388
0.7492457523687547,-0.6088574898312238,0.6641729724549916,-0.13218588534308634
-1.3829951239375826,-1.4762565824482348,-1.5278170356472913,-1.206223735287479
-1.3829951239375826,-0.19078492764333366,-1.0894190340268348,-0.897065224441058
0.03849879359997556,1.153287917613875,-0.2126230307859216,0.8507370845693272
0.7492457523687547,0.14159290668832508,0.22577497083453502,0.5897534158772189
0.03849879359997556,0.9250730650991746,0.22577497083453502,0.6860786955039022
-1.3829951239375826,-1.720859473505009,-1.5278170356472913,-1.2650512211096527
1.4599927111375337,1.3153925093845433,0.22577497083453502,2.470219575926532
-0.6722481651688036,-0.6966831700675391,-0.6510210324063782,-0.751381475585855
-0.6722481651688036,-1.0743691109566962,0.6641729724549916,-0.9330499279651382
-0.6722481651688036,-0.19606157163211296,-0.6510210324063782,-0.510580478860118
-1.3829951239375826,-0.6753736462666999,-1.966215037267748,-1.013609783057026
-0.6722481651688036,-0.07256780751010737,-1.5278170356472913,-0.4511794830122976
-0.6722481651688036,-0.6875505170100367,-0.6510210324063782,-0.7469886328362216
-1.3829951239375826,1.5937862167540764,0.22577497083453502,-0.4678722854609046
-1.3829951239375826,0.9628721013649489,-0.2126230307859216,-0.6196083954378244
0.03849879359997556,-1.5904147456670155,1.1025709740754481,-1.1288608935300464
0.7492457523687547,-1.733797398669804,1.5409689756959049,-1.2143871013972143
0.7492457523687547,1.5827255591622127,-0.2126230307859216,1.9761345876615168
0.7492457523687547,0.29086104721705974,0.6641729724549916,0.7333505644263459
0.03849879359997556,-0.47298390712015953,-0.2126230307859216,-0.32262782088066505
-1.3829951239375826,-0.4690771610900058,-1.5278170356472913,-0.963995064668111
1.4599927111375337,-1.423693090406165,1.9793669773163614,-0.823558322430526
-1.3829951239375826,0.2527068522212718,-0.2126230307859216,-0.7904045620117649
-0.6722481651688036,-1.2836590768577942,-1.5278170356472913,-1.03371924097757
0.7492457523687547,0.3993366707556167,1.5409689756959049,0.8377049844120814
-0.6722481651688036,0.2606725551658711,-1.0894190340268348,-0.2908895320145637
1.4599927111375337,-0.9272826597694761,1.5409689756959049,-0.226619802119233
0.7492457523687547,-0.5446244966601232,-0.2126230307859216,-0.07039323066491
0.7492457523687547,0.3979667727969914,-0.6510210324063782,0.8363871315871915
-1.3829951239375826,0.40770826939166044,-0.2126230307859216,-0.7531264103447372
-1.3829951239375826,1.094483779315845,-0.6510210324063782,-0.5879555229585217
0.7492457523687547,1.1499900151208882,0.22577497083453502,1.559839523087926
1.4599927111375337,0.5687473849722872,1.5409689756959049,1.5723713272653523
-0.6722481651688036,0.3423083261076568,0.6641729724549916,-0.2516223987692297
0.7492457523687547,1.5589299242512753,0.6641729724549916,1.953242995999538
0.7492457523687547,-0.23594082331654012,-0.2126230307859216,0.22656293921030732
-1.3829951239375826,0.9419684732555544,0.22577497083453502,-0.6246357599179605
-0.6722481651688036,0.21769834883417888,0.22577497083453502,-0.3115602976197831
-0.6722481651688036,-0.5995218889279991,0.6641729724549916,-0.7046465096661443
-0.6722481651688036,-0.882887818517728,-0.2126230307859216,-0.8409466583144914
-0.6722481651688036,-1.4781845869825965,-0.6510210324063782,-1.127286791544761
-0.6722481651688036,1.2387796976243841,-1.0894190340268348,0.17958392647117244
1.4599927111375337,-1.347029541684575,1.5409689756959049,-0.7313696363930806
1.4599927111375337,0.030681909001100766,0.22577497083453502,0.9253421972672674
0.03849879359997556,-1.529225970181749,0.6641729724549916,-1.084712823896231
0.03849879359997556,0.2445889383923806,0.22577497083453502,0.1951053041865435
0.7492457523687547,1.5138755025009298,1.5409689756959049,1.909900280869822
0.7492457523687547,1.4276226680689623,1.5409689756959049,1.8269243622656357
0.7492457523687547,0.9331402419666354,0.22577497083453502,1.3512283018442248
1.4599927111375337,-0.7521386689111513,0.22577497083453502,-0.01600739695625447
-1.3829951239375826,-0.09184785285372372,-1.0894190340268348,-0.8732706595472105
0.03849879359997556,-1.1008030678620229,1.1025709740754481,-0.7756031224136947
0.7492457523687547,1.515854243996722,-0.2126230307859216,1.9118038460613298
0.7492457523687547,0.7932077023411253,1.1025709740754481,1.2166120762499035
0.7492457523687547,-0.9940525010121051,1.1025709740754481,-0.5027465759566051
0.03849879359997556,-1.3014677503199237,1.1025709740754481,-0.9203838980370285
-0.6722481651688036,-0.05785408869524242,0.22577497083453502,-0.44410212524899945
-1.3829951239375826,-1.4737197343767063,-0.2126230307859216,-1.2056136182389188
0.7492457523687547,0.5409942670697659,1.5409689756959049,0.9739807283784861
-0.6722481651688036,-0.29783991626183476,0.6641729724549916,-0.559536270836588
1.4599927111375337,-1.2630091335555524,1.5409689756959049,-0.6303342531515127
1.4599927111375337,1.4327471011734498,1.9793669773163614,2.611339649258505
-0.6722481651688036,0.6974670561216412,0.6641729724549916,-0.08078962517237567
0.7492457523687547,-0.28028492760685764,0.22577497083453502,0.18390355517497856
-1.3829951239375826,-0.3944938277870689,-1.5278170356472913,-0.9460576234404413
-1.3829951239375826,-0.3498453017281682,-1.0894190340268348,-0.9353195633857819
-1.3829951239375826,1.1546578155725002,-1.5278170356472913,-0.5734835465666739
0.03849879359997556,0.5699143350851903,-0.6510210324063782,0.42982953510862115
-1.3829951239375826,-1.6533793148023517,-1.966215037267748,-1.2488221076179518
1.4599927111375337,0.2654418295403446,1.9793669773163614,1.2076433556360688
0.7492457523687547,-1.1645286914188178,1.5409689756959049,-0.6667460386095851
-0.6722481651688036,-1.5187741561270518,-1.0894190340268348,-1.1468105370986874
0.03849879359997556,1.019798972090047,-0.6510210324063782,0.754424007283615
0.03849879359997556,0.46925220360694087,0.6641729724549916,0.3572012016480158
0.7492457523687547,0.9809851965956619,-0.6510210324063782,1.3972555319876054
0.03849879359997556,-1.1361667299791296,-0.6510210324063782,-0.8011182173844822
1.4599927111375337,0.6745846865164545,1.1025709740754481,1.6996417435950084
1.4599927111375337,-1.4718932037652057,0.6641729724549916,-0.8815194420437442
-0.6722481651688036,0.39517623991831,0.6641729724549916,-0.22619272018524084
0.7492457523687547,-1.0315978524707263,-0.6510210324063782,-0.5388655052313686
1.4599927111375337,-1.3432242695772822,1.5409689756959049,-0.7267937585288792
0.7492457523687547,-0.4116429207506015,1.5409689756959049,0.05753611207719118
-0.6722481651688036,-1.0982662197904944,-0.2126230307859216,-0.9445445331600122
0.03849879359997556,-1.053769904615885,0.6641729724549916,-0.7416684121727767
-0.6722481651688036,1.0484653552983185,0.22577497083453502,0.08804196450520083
-1.3829951239375826,1.3653176794322235,-1.966215037267748,-0.5228194268542355
0.7492457523687547,-1.035656809385172,0.22577497083453502,-0.5427702543421539
1.4599927111375337,-0.6321457551278551,0.22577497083453502,0.1282852850282312
-1.3829951239375826,-1.0464130452084526,-1.966215037267748,-1.10284550257944
0.03849879359997556,-1.448452727584283,-0.2126230307859216,-1.0264344434177612
0.03849879359997556,0.025253054128029896,1.1025709740754481,0.03685314413100085
1.4599927111375337,1.5934817949854934,-0.2126230307859216,2.804624730242374
-1.3829951239375826,0.018149879527750327,-0.2126230307859216,-0.8468159843216404
1.4599927111375337,1.6115441532547756,0.6641729724549916,2.8263448971711167
0.7492457523687547,-0.3716621951433127,0.22577497083453502,0.095997890818426
1.4599927111375337,-0.4864799388606911,-0.2126230307859216,0.3034498896698628
0.03849879359997556,0.3334293578573072,0.6641729724549916,0.25920420130827765
1.4599927111375337,-1.174016503206334,1.5409689756959049,-0.5233197228340548
-1.3829951239375826,-0.8011505736530811,-0.2126230307859216,-1.0438593863246404
0.7492457523687547,-0.6680167868592675,0.6641729724549916,-0.18909760363278114
0.03849879359997556,-0.7638589070016126,-0.6510210324063782,-0.5324958832444001
-1.3829951239375826,-1.7159887252076742,-0.6510210324063782,-1.263879796376417
0.03849879359997556,0.7425722148334172,1.1025709740754481,0.5544032340836412
1.4599927111375337,-0.2583665602688518,1.9793669773163614,0.5777585147025256
-0.6722481651688036,-0.6092633855226683,-1.0894190340268348,-0.7093322085990864
1.4599927111375337,0.8363341195571091,1.1025709740754481,1.894147058675998
-1.3829951239375826,-0.960261684699346,-0.2126230307859216,-1.0821259276103357
1.4599927111375337,0.5581433600332983,-0.2126230307859216,1.559619880950444
-1.3829951239375826,0.8683998791812291,-1.0894190340268348,-0.6423291543262061
0.03849879359997556,1.3543077588017902,-1.0894190340268348,0.9957741093530561
1.4599927111375337,0.7349109336574012,1.9793669773163614,1.7721846606688156
-1.3829951239375826,1.5153976113438474,0.22577497083453502,-0.48672490226141446
0.7492457523687547,-0.4648659932912683,-0.2126230307859216,0.006335089362020009
0.03849879359997556,0.016830718530555573,0.6641729724549916,0.03077637832734131
-1.3829951239375826,0.552613031237366,-1.5278170356472913,-0.718276524530979
-0.6722481651688036,-1.532270187867583,0.22577497083453502,-1.1533021824953678
-1.3829951239375826,-1.4802648024012497,-0.6510210324063782,-1.207187720224204
1.4599927111375337,-0.9257098139651284,1.1025709740754481,-0.22472843926869632
-1.3829951239375826,1.392259005951856,-0.2126230307859216,-0.5163399837985262
-1.3829951239375826,1.7098216475457881,-0.6510210324063782,-0.4399655316597613
0.03849879359997556,0.3902547546595447,-0.6510210324063782,0.3002040669715225
1.4599927111375337,0.09217510625495065,1.9793669773163614,0.999288383552763
1.4599927111375337,0.26457930119602485,1.1025709740754481,1.2066061566535164
-0.6722481651688036,-0.8764442244160459,-1.0894190340268348,-0.8378472637078057
0.7492457523687547,1.2692218744827257,-0.2126230307859216,1.6745415282172424
0.7492457523687547,1.1829690400507582,1.1025709740754481,1.5915656096130562
1.4599927111375337,1.5395484049847983,1.5409689756959049,2.7397692879804256
0.7492457523687547,-0.758886684781417,-0.2126230307859216,-0.27651517435048556
1.4599927111375337,-1.2305882152014187,0.22577497083453502,-0.5913477737485163
1.4599927111375337,1.3817057179742975,1.5409689756959049,2.5499618741733494
-1.3829951239375826,1.6335639945156428,-0.6510210324063782,-0.4583056501394807
0.03849879359997556,1.247252770183289,1.1025709740754481,0.9185332910053358
1.4599927111375337,1.5340688131502966,1.9793669773163614,2.7331800238559754
0.03849879359997556,-0.4332568663200239,0.22577497083453502,-0.29396452193930717
1.4599927111375337,0.09557448267079888,1.5409689756959049,1.0033761677781161
-1.3829951239375826,-0.22477869180181495,-0.6510210324063782,-0.9052407928917645
1.4599927111375337,-0.24684927002411267,1.5409689756959049,0.5916081717048418
0.03849879359997556,0.6449543010410019,-0.6510210324063782,0.48397132199785253
0.03849879359997556,-0.0774385558074422,-0.6510210324063782,-0.03723947024614902
-1.3829951239375826,1.093316829202942,-1.966215037267748,-0.5882361768008594
0.7492457523687547,-1.326176650536611,1.1025709740754481,-0.822252671946607
1.4599927111375337,-0.7874008571053969,0.22577497083453502,-0.058410531831187745
-1.3829951239375826,-0.4878498368193163,-0.2126230307859216,-0.9685099308274565
1.4599927111375337,-1.4810765937841388,1.1025709740754481,-0.8925625606226837
0.03849879359997556,-0.29804286410755687,0.22577497083453502,-0.19640680587453224
0.7492457523687547,-0.1243702451307187,-0.2126230307859216,0.33389473039301626
-1.3829951239375826,-0.8353980226187153,-1.966215037267748,-1.052095966480203
0.7492457523687547,-0.47349127673446534,1.1025709740754481,-0.001962502498398838
0.7492457523687547,0.18969154612450478,0.6641729724549916,0.6360246928400239
0.03849879359997556,1.000315978900709,-0.6510210324063782,0.7403669104847882
1.4599927111375337,-0.8360576031173127,0.22577497083453502,-0.11692075678811031
-1.3829951239375826,-1.3363747797841556,-0.6510210324063782,-1.1725818812298698
-0.6722481651688036,-1.60776678647627,-1.0894190340268348,-1.1896163492256706
0.03849879359997556,1.4082411488024853,0.6641729724549916,1.0346873747102254
0.7492457523687547,1.7305730647708912,0.6641729724549916,2.118365074021869
1.4599927111375337,0.7726084960003142,1.9793669773163614,1.8175163573768376
-0.6722481651688036,0.8678417726054928,-1.0894190340268348,0.001161296790229561
-1.3829951239375826,1.3738922259139899,-1.966215037267748,-0.520757231230102
-1.3829951239375826,-1.4277520473206107,-1.0894190340268348,-1.194558297319008
1.4599927111375337,0.8784457975444813,1.9793669773163614,1.944786773706494
0.03849879359997556,-1.161890369424428,0.6641729724549916,-0.819677978001683
1.4599927111375337,-0.3515196214553769,1.9793669773163614,0.46574102458687416
-1.3829951239375826,0.3584426798425779,-1.966215037267748,-0.7649748834277762
1.4599927111375337,-1.5347055620162504,0.6641729724549916,-0.9570519326554962
1.4599927111375337,0.34256201091480976,-0.2126230307859216,1.3003811470172182
0.7492457523687547,-0.9954223989707305,1.5409689756959049,-0.5040644287814952
-1.3829951239375826,0.924768643330591,0.22577497083453502,-0.6287723535071987
1.4599927111375337,-0.0965663902667667,-0.2126230307859216,0.7723248414883712
-1.3829951239375826,1.338427089874022,-1.966215037267748,-0.5292866675689735
-0.6722481651688036,-1.3055267072343697,0.22577497083453502,-1.0442376588947475
0.7492457523687547,0.48482845076612585,0.6641729724549916,0.9199487625579955
0.7492457523687547,-1.4729586799552479,1.5409689756959049,-0.9634581616653781
0.7492457523687547,0.9686053780066033,1.1025709740754481,1.3853460471997108
0.03849879359997556,0.28472187488396067,0.22577497083453502,0.2240614593112103
1.4599927111375337,-1.3814799384959315,1.5409689756959049,-0.7727965839903178
-0.6722481651688036,0.8210115572050773,-0.2126230307859216,-0.02136422464261281
-0.6722481651688036,-1.6078682603991312,-0.2126230307859216,-1.1896651585895552
1.4599927111375337,-1.1334776710233094,1.9793669773163614,-0.4745713706540955
-1.3829951239375826,-1.205574893216148,0.22577497083453502,-1.1411242462061064
-0.6722481651688036,-1.100194224324856,-0.6510210324063782,-0.9454719110738237
-1.3829951239375826,-0.8740088502673784,-0.2126230307859216,-1.0613819479592892
-0.6722481651688036,1.4593840059244987,-0.2126230307859216,0.285695483556761
1.4599927111375337,-1.5271964917245262,-0.2126230307859216,-0.9480222003368053
-1.3829951239375826,-0.23076565325062215,-1.0894190340268348,-0.9066806691263665
-0.6722481651688036,-0.709062988656598,0.22577497083453502,-0.7573362179798026
-1.3829951239375826,0.48853224895055725,-0.2126230307859216,-0.7336880811776094
-0.6722481651688036,-0.3460400296208755,-0.2126230307859216,-0.5827207186818754
0.7492457523687547,-0.7601043718557506,0.22577497083453502,-0.2776865990837212
0.7492457523687547,1.6681666022112913,0.22577497083453502,2.058329556443546
1.4599927111375337,-1.6919394054895844,1.9793669773163614,-1.1461272060043
-0.6722481651688036,-0.2766826033452873,-0.2126230307859216,-0.5493595184666039
1.4599927111375337,-1.51684615159269,1.9793669773163614,-0.9355758125461773
-1.3829951239375826,-0.9902472289048124,-1.0894190340268348,-1.089337511124317
0.7492457523687547,-0.4760788617674243,1.1025709740754481,-0.004451780056524381
0.7492457523687547,0.8055875209301845,1.5409689756959049,1.2285215610377989
-1.3829951239375826,0.47518842809431755,0.22577497083453502,-0.7368972968530361
-1.3829951239375826,-1.5417579996550994,0.22577497083453502,-1.221976957481303
-0.6722481651688036,0.3445407524106019,0.22577497083453502,-0.2505485927637638
0.03849879359997556,1.3964194367891625,-1.0894190340268348,1.026157938371354
1.4599927111375337,-0.14578124285441876,0.22577497083453502,0.7131434877780325
-1.3829951239375826,0.2945648454014914,-1.0894190340268348,-0.7803376307105218
0.7492457523687547,-0.6853688276685221,-0.2126230307859216,-0.20579040608138793
-1.3829951239375826,0.7913811717296247,-1.5278170356472913,-0.6608523079204935
0.03849879359997556,0.5222215913404551,-1.0894190340268348,0.3954189335698262
-1.3829951239375826,-1.0659467753592218,-0.6510210324063782,-1.1075434038533534
0.7492457523687547,-1.384168997451752,-0.6510210324063782,-0.8780417748669511
-0.6722481651688036,-0.14141786417138974,0.22577497083453502,-0.48429663640814485
1.4599927111375337,-0.21042013171696394,1.1025709740754481,0.6354145757914638
-0.6722481651688036,-1.4549977956088262,0.22577497083453502,-1.116133851897081
-1.3829951239375826,-1.1225184873543064,0.22577497083453502,-1.1211490140362457
-1.3829951239375826,0.6636255028474515,-1.0894190340268348,-0.6915778024859849
1.4599927111375337,0.7771240855676348,0.22577497083453502,1.8229463991090236
-0.6722481651688036,0.30643729437624445,-1.5278170356472913,-0.26887650890251197
-0.6722481651688036,-0.9965386121222031,-0.6510210324063782,-0.8956131458654847
0.03849879359997556,-0.5244311860107567,-1.0894190340268348,-0.359747342115067
1.4599927111375337,1.3125005025830012,1.9793669773163614,2.4667419087497393
-1.3829951239375826,-0.8789303355261436,0.22577497083453502,-1.0625655750334957
-1.3829951239375826,-1.4238453012904566,-0.2126230307859216,-1.1936187170642254
-1.3829951239375826,1.619306908353653,-1.966215037267748,-0.4617345079523889
-1.3829951239375826,-1.2538257435366194,-0.2126230307859216,-1.1527286724697212
-1.3829951239375826,1.4379730082007989,-1.5278170356472913,-0.5053456745834716
1.4599927111375337,-1.489651140265905,1.5409689756959049,-0.902873538743351
0.7492457523687547,1.3162043007674327,-0.6510210324063782,1.7197389991745815
0.7492457523687547,0.7821977817106917,0.6641729724549916,1.2060204442868987
-1.3829951239375826,-0.11173674173450693,-1.5278170356472913,-0.8780539772079223
-1.3829951239375826,-1.0764493263753496,-1.5278170356472913,-1.1100692884343926
-1.3829951239375826,0.2303825891918212,-0.2126230307859216,-0.7957735920390947
-1.3829951239375826,-0.5263084535836877,-1.966215037267748,-0.977759305283629
1.4599927111375337,1.5544143346839547,1.5409689756959049,2.757645717503239
0.7492457523687547,0.39578508345547686,0.22577497083453502,0.8342883289401444
1.4599927111375337,0.7969622374869875,1.1025709740754481,1.8468019757077268
-1.3829951239375826,0.38589137597651596,-0.6510210324063782,-0.7583734169623548
-1.3829951239375826,-1.5752443941992753,-1.5278170356472913,-1.2300305025222975
-1.3829951239375826,0.31430152339798273,-0.2126230307859216,-0.7755909200727235
1.4599927111375337,1.6264608199153632,-0.2126230307859216,2.8442823383987865
0.7492457523687547,-0.470802217778645,-0.2126230307859216,0.0006243937874965246
1.4599927111375337,0.9886464777716777,0.6641729724549916,2.0773041966537678
0.03849879359997556,0.7697164891987718,1.1025709740754481,0.5739879913424234
-0.6722481651688036,-1.7325797115954702,-0.6510210324063782,-1.2496518668039935
0.03849879359997556,-0.6447285215626363,0.22577497083453502,-0.4465425934432402
-0.6722481651688036,0.41709460725631586,-1.0894190340268348,-0.21564989758612071
-0.6722481651688036,0.7974696071012932,-0.6510210324063782,-0.03268799706388996
-0.6722481651688036,-0.5209303356720474,-0.2126230307859216,-0.6668436573373546
0.03849879359997556,-1.4898540881116273,0.22577497083453502,-1.0563057741152684
0.7492457523687547,-1.6800162195534005,1.1025709740754481,-1.16264917567931
-1.3829951239375826,-0.10813441747293633,0.22577497083453502,-0.8771876109989668
0.7492457523687547,0.6516515799498374,-0.2126230307859216,1.0804339510112686
0.03849879359997556,0.12682845091202963,0.22577497083453502,0.11014040400405117
1.4599927111375337,-0.04308963291894666,0.22577497083453502,0.8366311784066153
0.7492457523687547,-1.7321738159040259,0.22577497083453502,-1.2128252017529002
0.03849879359997556,0.24545146673670037,0.22577497083453502,0.1957276235760749
0.7492457523687547,1.2930175093936624,-0.2126230307859216,1.6974331198792205
0.03849879359997556,-0.050192807519226515,-1.0894190340268348,-0.017581498941539726
-1.3829951239375826,-1.6223790313682742,-1.966215037267748,-1.241366477284546
0.03849879359997556,-1.0506242130071899,0.6641729724549916,-0.7393987767521328
1.4599927111375337,0.5651957976721473,1.9793669773163614,1.568100507925431
1.4599927111375337,0.3261739723727358,-0.2126230307859216,1.280674366348724
1.4599927111375337,1.2689681896755725,0.22577497083453502,2.4143938659832744
-1.3829951239375826,0.32394154606979075,-0.6510210324063782,-0.7732724752881948
0.03849879359997556,0.7578947771854493,-1.0894190340268348,0.5654585550035519
0.7492457523687547,0.6967060017001828,0.22577497083453502,1.1237766661409847
0.03849879359997556,-0.7874515940668273,-1.0894190340268348,-0.5495181488992296
0.03849879359997556,-1.2386046551074485,0.22577497083453502,-0.8750277966470638
0.7492457523687547,-1.1357608342876848,1.1025709740754481,-0.6390711292868947
0.03849879359997556,0.9287261263221758,-0.6510210324063782,0.6887144011536823
1.4599927111375337,0.7721011263860084,1.1025709740754481,1.8169062403282774
0.7492457523687547,-0.7760357777449493,0.6641729724549916,-0.29301273934355315
0.03849879359997556,1.0595767498516135,0.6641729724549916,0.7831239132478864
0.03849879359997556,-1.1140454147954013,-0.6510210324063782,-0.7851575553941473
-0.6722481651688036,0.548401863438629,-1.5278170356472913,-0.15249058071916954
-0.6722481651688036,0.3985756163341582,0.6641729724549916,-0.22455760649509948
-0.6722481651688036,-1.5867616844440144,-0.6510210324063782,-1.1795128109015136
-1.3829951239375826,-0.9377344738241733,-0.2126230307859216,-1.0767080882191211
-1.3829951239375826,1.0241623507730762,-1.966215037267748,-0.6048679675446103
-0.6722481651688036,0.3481430766721722,-1.5278170356472913,-0.24881586034585287
-1.3829951239375826,0.10323576384681478,-0.2126230307859216,-0.8263526585129316
1.4599927111375337,1.1102629743207522,0.6641729724549916,2.223549253193646
0.03849879359997556,1.073630888167881,-1.0894190340268348,0.7932640585949569
0.03849879359997556,-1.3269377049580697,1.1025709740754481,-0.9387606235396615
0.03849879359997556,-0.2651653131005482,-1.0894190340268348,-0.172685455026512
0.03849879359997556,1.0000622940935557,-0.6510210324063782,0.74018387537022
0.03849879359997556,-0.9610734760822351,1.1025709740754481,-0.6747873813096084
0.7492457523687547,-0.8019623650359702,0.6641729724549916,-0.3179543242886939
0.7492457523687547,0.23931229440360133,1.5409689756959049,0.6837602507193734
0.7492457523687547,0.5473363872485871,-0.2126230307859216,0.9800818988640881
0.03849879359997556,1.4184392780500297,-0.2126230307859216,1.0420453863158612
-1.3829951239375826,0.8708859902913264,-1.5278170356472913,-0.6417312396186172
-1.3829951239375826,0.8062471014287819,-1.966215037267748,-0.6572770220159307
0.7492457523687547,1.5290965909301006,0.22577497083453502,1.9245430900352667
-1.3829951239375826,-1.0320544851236015,-0.6510210324063782,-1.099392240084589
-1.3829951239375826,1.5833344026993794,-1.966215037267748,-0.4703859677009725
-0.6722481651688036,-1.5724031243591634,0.6641729724549916,-1.1726062859118123
1.4599927111375337,1.5071782235920952,1.9793669773163614,2.700843820282285
-1.3829951239375826,1.3824667723957558,-1.5278170356472913,-0.5186950356059686
-0.6722481651688036,1.6169222711664162,-0.6510210324063782,0.3614720209879371
0.7492457523687547,-1.354690822860591,1.5409689756959049,-0.8496835344498733
1.4599927111375337,-0.1846964922716654,0.22577497083453502,0.6663475101534655
-0.6722481651688036,-1.6003084531459764,0.6641729724549916,-1.1860288609801366
-1.3829951239375826,1.0626209675374478,-1.966215037267748,-0.5956185930884377
0.03849879359997556,1.4824185864139774,-0.6510210324063782,1.0882068422099254
0.03849879359997556,-1.4627098137462728,-1.0894190340268348,-1.036721016856486
-1.3829951239375826,1.317574198726058,0.22577497083453502,-0.5343018297081383
0.03849879359997556,-0.5527424104890143,-0.6510210324063782,-0.3801740609008624
0.03849879359997556,0.6815356502324426,-1.0894190340268348,0.5103649855185666
0.03849879359997556,0.8894557181749152,0.6641729724549916,0.660380565418547
1.4599927111375337,1.4827230081825604,0.6641729724549916,2.671436178541684
1.4599927111375337,0.5055798679912286,1.9793669773163614,1.4964117547196083
-1.3829951239375826,-1.7171049383591466,0.22577497083453502,-1.2641482478777837
1.4599927111375337,-0.4391423538459698,0.22577497083453502,0.3603738103005287
1.4599927111375337,-1.6461746662792112,-0.2126230307859216,-1.0910946482241706
-0.6722481651688036,-1.3087231358044955,-1.0894190340268348,-1.0457751538571194
-1.3829951239375826,-1.0032358910310382,0.22577497083453502,-1.0924613104129453
-1.3829951239375826,1.3068179629027774,-0.6510210324063782,-0.5368887259940336
0.03849879359997556,0.3536734054681044,-0.2126230307859216,0.2738104034508084
0.7492457523687547,1.3874897315773822,1.1025709740754481,1.788316155432747
0.7492457523687547,-0.6469102109041507,-0.6510210324063782,-0.1687929082566979
-1.3829951239375826,-1.194514235624284,0.22577497083453502,-1.1384641358743839
0.7492457523687547,0.3489041310936309,1.1025709740754481,0.7891884767105748
-0.6722481651688036,-0.11457801157461882,-0.6510210324063782,-0.47138655966061127
-0.6722481651688036,0.6924948339014453,-0.2126230307859216,-0.08318128400273167
-1.3829951239375826,-1.3413470020043512,-1.5278170356472913,-1.173777710645048
-1.3829951239375826,1.5112371805065405,-1.5278170356472913,-0.4877254942210532
-1.3829951239375826,-1.5231882717715113,-1.966215037267748,-1.2175109006858424
0.7492457523687547,1.3785600263656022,0.22577497083453502,1.7797257073890194
0.03849879359997556,-1.009730222094151,0.6641729724549916,-0.7098935162837618
0.7492457523687547,1.179315978827757,0.6641729724549916,1.5880513354133492
-0.6722481651688036,0.7020333826503923,-1.5278170356472913,-0.07859320379755903
0.03849879359997556,1.56024908524847,0.22577497083453502,1.1443620153594056
-1.3829951239375826,-1.135151990750518,-1.966215037267748,-1.1241873969380753
1.4599927111375337,0.03991603598146433,-0.2126230307859216,0.936446327551063
1.4599927111375337,-0.24573305687264002,1.9793669773163614,0.5929504292116744
0.7492457523687547,-0.9827888955745188,0.6641729724549916,-0.4919108971741761
1.4599927111375337,0.6926977817471677,1.9793669773163614,1.721422922228607
-0.6722481651688036,-0.06302925876116039,-0.6510210324063782,-0.44659140280712495
1.4599927111375337,-0.5364558458698016,1.1025709740754481,0.24335336038668381
-0.6722481651688036,0.029058326235322587,-1.5278170356472913,-0.402296905081655
-1.3829951239375826,-0.7221531247056848,-1.5278170356472913,-1.024860341432476
-1.3829951239375826,-1.4515476822315476,-0.6510210324063782,-1.2002811952345027
1.4599927111375337,0.3298270335957369,0.6641729724549916,1.2850672090983573
1.4599927111375337,0.1434701742612562,0.22577497083453502,1.0609712171621983
1.4599927111375337,0.46544693149964816,0.6641729724549916,1.448151496178497
1.4599927111375337,-1.407102104018369,1.1025709740754481,-0.8036074949426075
0.7492457523687547,-0.8676159931271268,1.5409689756959049,-0.3811136411556451
1.4599927111375337,1.0637371806889204,0.22577497083453502,2.167601519840676
-0.6722481651688036,-0.8550839636537761,-0.6510210324063782,-0.827572892610052
-0.6722481651688036,-0.5095145193501693,-0.6510210324063782,-0.6613526039003129
-1.3829951239375826,1.3746025433740179,-1.966215037267748,-0.5205863984565051
0.03849879359997556,0.5973122942576976,1.1025709740754481,0.44959732748197145
0.03849879359997556,-1.0251035214076134,-0.6510210324063782,-0.7209854442265862
0.7492457523687547,-1.0723903694609038,0.22577497083453502,-0.5781082337947602
0.7492457523687547,-1.467986457735052,1.1025709740754481,-0.9586748440046663
-1.3829951239375826,0.8405452873558465,-0.2126230307859216,-0.649028239519397
1.4599927111375337,0.8025940402057807,1.9793669773163614,1.8535742749467452
0.7492457523687547,1.1233531103698393,1.5409689756959049,1.534214607048398
-0.6722481651688036,0.7325770334315952,-1.0894190340268348,-0.06390158526822949
-0.6722481651688036,0.5313035074365271,-0.6510210324063782,-0.16071495853376094
-1.3829951239375826,1.262676806458182,-1.0894190340268348,-0.547504762638981
0.03849879359997556,-0.7719260838690731,-0.6510210324063782,-0.5383163998876643
-1.3829951239375826,0.6767663758579691,-0.6510210324063782,-0.6884173961744432
1.4599927111375337,-1.4397767071796557,0.6641729724549916,-0.8428990328698839
-0.6722481651688036,0.14585481144849308,0.6641729724549916,-0.34611732725023237
0.03849879359997556,1.2684100830998362,0.6641729724549916,0.9337984195603117
-0.6722481651688036,-0.7336196779889935,-0.6510210324063782,-0.7691480840399278
1.4599927111375337,0.7049253894519351,-0.2126230307859216,1.736126743098908
0.03849879359997556,1.0176680197099635,-0.6510210324063782,0.7528865123212434
-1.3829951239375826,-1.4414510269068643,-1.966215037267748,-1.1978529293812332
1.4599927111375337,-1.6824008567406374,1.9793669773163614,-1.1346570054913683
0.7492457523687547,-1.6762109474461078,-0.2126230307859216,-1.1589884733879487
-1.3829951239375826,1.5254435297071,-0.6510210324063782,-0.48430883874911607
0.03849879359997556,-1.6428260268247934,0.22577497083453502,-1.1666759481998072
-0.6722481651688036,-0.6469102109041507,-0.6510210324063782,-0.7274404826003531
0.03849879359997556,-0.41433197970642155,-1.0894190340268348,-0.28031010239252996
0.7492457523687547,1.4086470444939294,0.22577497083453502,1.8086696601727148
1.4599927111375337,0.9474988020514861,0.22577497083453502,2.0278237040155367
0.03849879359997556,0.47041915371984405,-0.2126230307859216,0.35804316317502893
1.4599927111375337,0.16848349624652684,0.6641729724549916,1.0910499876562159
-1.3829951239375826,-0.25999014303463,-1.0894190340268348,-0.9137092175257799
0.03849879359997556,0.45007363218618585,1.1025709740754481,0.34336374698667044
-0.6722481651688036,-0.6395533514967181,-0.6510210324063782,-0.7239018037187039
-1.3829951239375826,-1.3171454714019697,-1.0894190340268348,-1.1679571940017837
1.4599927111375337,0.5262805482549007,1.9793669773163614,1.5213045303008639
0.03849879359997556,1.2440056046517327,0.6641729724549916,0.9161904415388645
0.03849879359997556,-0.8723852675016002,-0.6510210324063782,-0.6107983052566154
-1.3829951239375826,0.27868417647372296,-0.2126230307859216,-0.7841569634345087
-1.3829951239375826,0.8953919426622916,-1.5278170356472913,-0.6358375089295257
0.03849879359997556,-1.1165822628669297,1.1025709740754481,-0.7869879065398279
1.4599927111375337,0.6068001060452141,0.6641729724549916,1.618130105907367
1.4599927111375337,-0.6090097007155155,0.6641729724549916,0.1561066224425762
0.03849879359997556,0.20085367763922995,-0.6510210324063782,0.16355005043501045
1.4599927111375337,-0.07332886193156608,0.22577497083453502,0.8002682023124278
-1.3829951239375826,1.6057094026902603,-1.966215037267748,-0.4650047353326716
-0.6722481651688036,1.5275237451257533,-0.2126230307859216,0.3184709714054147
0.03849879359997556,0.7218207976083145,-0.6510210324063782,0.5394309617119741
1.4599927111375337,1.0259888813845768,1.1025709740754481,2.1222088114277984
0.03849879359997556,-1.708225970108797,-1.0894190340268348,-1.2138624007354524
1.4599927111375337,-0.5457914467730263,1.9793669773163614,0.2321272066931762
0.03849879359997556,-1.5743818658549555,-0.2126230307859216,-1.1172930742893452
1.4599927111375337,1.6324477813641702,0.6641729724549916,2.851481719571797
1.4599927111375337,1.2446144481888997,-0.2126230307859216,2.385108247652385
-0.6722481651688036,-0.4926191111937898,-1.5278170356472913,-0.6532258448134912
0.03849879359997556,-1.4852370246214455,0.22577497083453502,-1.0529745350301296
0.7492457523687547,0.07436643279282092,0.6641729724549916,0.5250810087298384
0.7492457523687547,-0.25400318158582275,0.6641729724549916,0.20918680566731299
0.7492457523687547,1.1256362736342145,1.5409689756959049,1.5364110284232144
-1.3829951239375826,0.8766192669329813,-0.2126230307859216,-0.640352375088871
-0.6722481651688036,1.1724157520731995,0.22577497083453502,0.14766260249050306
0.7492457523687547,1.071347724903506,1.5409689756959049,1.4841850090664621
1.4599927111375337,-1.3759496096999997,0.6641729724549916,-0.7661463081610117
-1.3829951239375826,0.41582618322055165,-0.6510210324063782,-0.7511740357893445
-0.6722481651688036,0.04980974346042555,-1.5278170356472913,-0.3923153901672102
-0.6722481651688036,-1.0470218887456193,-0.6510210324063782,-0.9198958043981803
0.7492457523687547,0.7209582692639948,-0.6510210324063782,1.1471075420779264
0.03849879359997556,-0.08636826101922233,0.6641729724549916,-0.04368230627894477
-0.6722481651688036,1.113256455045156,-1.0894190340268348,0.11920674334565572
-0.6722481651688036,1.453955151051428,0.6641729724549916,0.28308418258892354
-0.6722481651688036,0.08025192031876707,0.6641729724549916,-0.37767258100176554
0.03849879359997556,1.4710027700920993,-0.2126230307859216,1.0799702620543628
1.4599927111375337,-0.07393770546873293,1.1025709740754481,0.7995360618541557
0.03849879359997556,1.694042452540881,0.22577497083453502,1.2408947347825994
0.03849879359997556,0.13169919920936415,1.1025709740754481,0.11365467820375774
-0.6722481651688036,-1.1355578864419626,-0.6510210324063782,-0.9624819743876818
-0.6722481651688036,-0.849097002204969,0.6641729724549916,-0.8246931401408478
0.7492457523687547,-1.3629102106123432,0.22577497083453502,-0.8575906513992133
-0.6722481651688036,-1.5731134418191912,-0.6510210324063782,-1.172947951459006
-0.6722481651688036,1.4491858766769543,-0.6510210324063782,0.28079014248633705
-0.6722481651688036,1.497538200920287,0.6641729724549916,0.3040478043774518
0.03849879359997556,0.3474327592121443,0.22577497083453502,0.2693077396324344
0.03849879359997556,0.41846450521494116,-1.0894190340268348,0.32055757171149063
-1.3829951239375826,-1.439979655025378,0.22577497083453502,-1.197499061493068
0.7492457523687547,-0.8202276711509751,-0.2126230307859216,-0.3355256952872275
0.7492457523687547,-0.634987024967967,0.22577497083453502,-0.1573227077437663
0.7492457523687547,-0.14862251269453064,-0.6510210324063782,0.3105638544560746
-1.3829951239375826,0.5581433600332983,-0.2126230307859216,-0.7169464693651176
-0.6722481651688036,-0.5212854944020615,-1.0894190340268348,-0.6670144901109516
-1.3829951239375826,-0.5043900862456818,-0.2126230307859216,-0.972487893984069
0.7492457523687547,0.927406965324981,1.1025709740754481,1.3457128437252406
1.4599927111375337,-1.550890652712602,0.6641729724549916,-0.9765146665045662
-0.6722481651688036,1.3584681896390964,-1.5278170356472913,0.23715457117331207
-0.6722481651688036,0.08375277065747633,0.6641729724549916,-0.3759886579477394
0.7492457523687547,0.0118584963103597,1.5409689756959049,0.4649478724237458
0.03849879359997556,-0.07302444016298265,-0.2126230307859216,-0.03405465925266494
-0.6722481651688036,0.3344948340473491,-0.6510210324063782,-0.2553807197883606
1.4599927111375337,-1.696353521134044,0.6641729724549916,-1.1514352243267736
0.03849879359997556,-0.9806579431944349,-0.2126230307859216,-0.6889176921542625
0.03849879359997556,0.021549255943598543,-0.2126230307859216,0.034180831458307144
0.03849879359997556,0.5427700607198357,-1.0894190340268348,0.410244777849839
-1.3829951239375826,-1.0205371948788622,0.22577497083453502,-1.0966223086841258
0.03849879359997556,0.7763122941847458,-0.2126230307859216,0.578746904321193
0.7492457523687547,1.5021552644104688,-0.2126230307859216,1.89862531781243
0.7492457523687547,-1.6315624213872073,1.1025709740754481,-1.1160362331693112
-1.3829951239375826,-0.6192078299630599,-0.2126230307859216,-1.0001017916019033
0.03849879359997556,-1.536379881743459,-0.6510210324063782,-1.0898744141270502
-1.3829951239375826,-0.1234062428635379,-0.2126230307859216,-0.8808605156312993
0.7492457523687547,1.2014880309729157,1.1025709740754481,1.6093810274310136
-0.6722481651688036,0.4486529972661298,0.6641729724549916,-0.20047018541794318
-1.3829951239375826,-1.6841259134292768,-1.966215037267748,-1.2562167262465012
0.03849879359997556,-0.5953107211292618,1.1025709740754481,-0.4108873531253825
1.4599927111375337,-0.8096236462119861,-0.2126230307859216,-0.08513365855812417
-1.3829951239375826,-0.9124167300703192,-0.6510210324063782,-1.0706191200744903
0.7492457523687547,1.5733899582589876,1.1025709740754481,1.9671536647067105
1.4599927111375337,-1.2943645757196443,0.6641729724549916,-0.6680394867525327
0.7492457523687547,-1.041187138181104,1.5409689756959049,-0.5480904750055987
1.4599927111375337,-1.3270899158423615,0.22577497083453502,-0.7073920363846651
-0.6722481651688036,0.16138032164624724,-1.5278170356472913,-0.3386494945758556
0.03849879359997556,1.3076804912470967,-1.0894190340268348,0.9621322552954472
-0.6722481651688036,-1.3369328863598917,-1.0894190340268348,-1.059344157017098
0.03849879359997556,-1.3404337366986012,-0.2126230307859216,-0.9484980916346821
0.03849879359997556,1.0458777702653597,0.22577497083453502,0.7732400170612115
-1.3829951239375826,-1.3375417298970584,-1.0894190340268348,-1.1728625350722077
0.7492457523687547,-1.6547492127609773,1.5409689756959049,-1.1383421124646718
-0.6722481651688036,-1.5593129883100767,0.6641729724549916,-1.166309877970671
1.4599927111375337,-0.6510706417414573,1.5409689756959049,0.10552791911693615
0.7492457523687547,1.4897754458214096,0.22577497083453502,1.8867158330245346
-1.3829951239375826,1.5662360466972776,-1.0894190340268348,-0.4744981566082682
-1.3829951239375826,0.15026892709295234,-0.6510210324063782,-0.8150410884326256
1.4599927111375337,-1.699042580089864,1.9793669773163614,-1.1546688446841427
-0.6722481651688036,0.6056331559323108,-1.5278170356472913,-0.1249620994881337
-0.6722481651688036,-1.4612891788262168,0.6641729724549916,-1.1191600324579394
0.7492457523687547,0.8933624642050689,0.22577497083453502,1.3129617605585293
-1.3829951239375826,-1.5458676935309756,-1.966215037267748,-1.2229653470999706
0.03849879359997556,1.507990014974984,0.6641729724549916,1.1066567817583857
0.03849879359997556,0.49659942581801786,-0.6510210324063782,0.3769323869984522
0.03849879359997556,-1.1887809589826297,-0.6510210324063782,-0.8390797001458973
0.7492457523687547,-1.4798589067098051,1.1025709740754481,-0.970096235153713
-0.6722481651688036,1.6471615001790352,-1.0894190340268348,0.37601721142561195
1.4599927111375337,-1.1540768773641203,1.9793669773163614,-0.4993421228256393
-0.6722481651688036,-1.20664036940619,-1.5278170356472913,-0.9966729337889949
-1.3829951239375826,-1.3258214918065974,-1.966215037267748,-1.1700437943078594
0.03849879359997556,-1.5295303919503325,1.1025709740754481,-1.0849324660337125
0.03849879359997556,-1.113385834296804,-0.6510210324063782,-0.7846816640962703
-0.6722481651688036,-0.8197203015366694,-0.2126230307859216,-0.8105628292961937
0.7492457523687547,1.149736330313735,-0.6510210324063782,1.5595954762685016
1.4599927111375337,-1.32252358931361,1.1025709740754481,-0.7019009829476234
0.7492457523687547,-0.15552273944908812,1.1025709740754481,0.30392578096773964
0.7492457523687547,-0.8625422969840698,0.22577497083453502,-0.37623270476716353
-1.3829951239375826,0.599646194483504,-0.6510210324063782,-0.706964954450673
1.4599927111375337,1.1570424527597372,1.1025709740754481,2.279802045070896
-1.3829951239375826,-1.138348419320644,-1.5278170356472913,-1.1249561444192613
0.7492457523687547,0.7023378044189758,1.1025709740754481,1.129194505532199
0.7492457523687547,-0.6687271043192954,0.22577497083453502,-0.18978093472716848
0.7492457523687547,-1.5847322059867917,0.22577497083453502,-1.0709851903036265
1.4599927111375337,0.3151640517423022,0.22577497083453502,1.2674348263949677
0.7492457523687547,0.8952904687394305,1.5409689756959049,1.3148165163861523
-0.6722481651688036,0.6542899019442269,-0.2126230307859216,-0.10155800950536462
0.7492457523687547,0.1538205143930924,-0.6510210324063782,0.6015164725734595
-0.6722481651688036,0.10683808810838537,0.6641729724549916,-0.36488452766394386
1.4599927111375337,-0.12061570998485653,1.9793669773163614,0.743405293386618
0.03849879359997556,1.7429021463985193,0.6641729724549916,1.2761472978484072
-1.3829951239375826,1.1158947770395455,-1.966215037267748,-0.5828061350686736
-0.6722481651688036,0.5325211945108608,-0.2126230307859216,-0.16012924616714314
0.7492457523687547,-1.243627614289075,0.6641729724549916,-0.7428398369060123
0.03849879359997556,1.5498987451166342,0.22577497083453502,1.136894182685029
-0.6722481651688036,-0.49129995019659506,0.6641729724549916,-0.6525913230829886
0.03849879359997556,-1.4490615711214496,1.1025709740754481,-1.0268737276927244
-1.3829951239375826,0.8218233485879662,-0.6510210324063782,-0.6535309033377713
0.7492457523687547,-1.0705638388494034,0.6641729724549916,-0.5763510966949068
-0.6722481651688036,1.2351773733628135,0.6641729724549916,0.1778511940532614
0.7492457523687547,0.37016291793303935,1.1025709740754481,0.8096396001783125
-0.6722481651688036,-0.5830831134244946,0.6641729724549916,-0.6967393927168041
-0.6722481651688036,0.48523434645757035,-1.0894190340268348,-0.18287440973746713
0.03849879359997556,-0.0999657666826149,-0.6510210324063782,-0.05349298841979262
-1.3829951239375826,-0.36897313618749267,0.22577497083453502,-0.9399198459319258
-1.3829951239375826,-1.0081066393283729,-1.5278170356472913,-1.093632735146181
0.03849879359997556,1.3619183030163755,1.1025709740754481,1.001265162790098
0.03849879359997556,-0.24558084598834845,-1.0894190340268348,-0.1585551441818579
-1.3829951239375826,-1.6076145755919784,-0.2126230307859216,-1.2378155960619257
0.7492457523687547,-1.6167472286494808,0.6641729724549916,-1.101783898914945
0.03849879359997556,-1.4178583398416498,1.1025709740754481,-1.0043604086008535
-1.3829951239375826,1.0834738586854118,-0.6510210324063782,-0.5906034309492729
1.4599927111375337,1.3750591760268926,1.9793669773163614,2.5419693408372113
-0.6722481651688036,0.9056408088712664,-0.2126230307859216,0.019342784837323147
-0.6722481651688036,-0.39337761463559645,-1.0894190340268348,-0.6054902869341416
-0.6722481651688036,-0.1684099276524525,0.6641729724549916,-0.49727992720150577
1.4599927111375337,1.5071274866306645,1.5409689756959049,2.7007828085774293
0.7492457523687547,1.6344265228599624,-0.2126230307859216,2.0258713294601436
-1.3829951239375826,-0.21326140155707585,0.22577497083453502,-0.9024708614913012
0.03849879359997556,1.7049001622870235,1.1025709740754481,1.2487286376861124
-1.3829951239375826,1.2605965910395287,-0.6510210324063782,-0.5480050586188002
-0.6722481651688036,0.7910767499610416,0.6641729724549916,-0.03576298698863331
0.03849879359997556,-1.704116276232921,-1.0894190340268348,-1.21089723187945
-0.6722481651688036,1.3638463075507372,-0.2126230307859216,0.23974146745920744
-1.3829951239375826,-1.700818373739934,-0.2126230307859216,-1.2602312964260272
1.4599927111375337,-1.4811273307455695,0.6641729724549916,-0.8926235723275396
0.7492457523687547,-0.5558881020977097,1.1025709740754481,-0.08122890944733903
0.03849879359997556,1.1787578722520207,1.1025709740754481,0.8691138100719601
0.7492457523687547,-0.8723345305401697,-0.6510210324063782,-0.38565291199693297
1.4599927111375337,0.8516059449477104,-0.2126230307859216,1.9125115818376601
-0.6722481651688036,0.696198632085877,0.22577497083453502,-0.08139974222093586
-1.3829951239375826,0.4156739723362598,-0.2126230307859216,-0.7512106428122582
-1.3829951239375826,-0.15526905464193522,-1.966215037267748,-0.8885235857612153
-1.3829951239375826,-0.9148521042189867,-1.966215037267748,-1.071204832441108
1.4599927111375337,-1.5784408227694011,1.1025709740754481,-1.0096440222413847
0.7492457523687547,-0.6821723990983962,0.6641729724549916,-0.2027154161566446
-0.6722481651688036,1.2431430763074127,-0.2126230307859216,0.18168272911821925
1.4599927111375337,1.699014674761077,1.9793669773163614,2.9315290763428945
0.7492457523687547,0.31191688621074587,-0.6510210324063782,0.7536064504385442
0.7492457523687547,0.2682323624190257,1.1025709740754481,0.7115815881337181
-0.6722481651688036,-0.0003183744329767917,0.22577497083453502,-0.416427215926309
1.4599927111375337,-0.9446854375401613,1.1025709740754481,-0.2475468168848476
0.7492457523687547,0.14428196564414542,1.5409689756959049,0.5923403121631142
0.7492457523687547,-1.2209481925296106,0.6641729724549916,-0.7210220512494999
0.03849879359997556,1.1321306046973272,1.1025709740754481,0.8354719560143512
-0.6722481651688036,0.4178049247163438,-1.5278170356472913,-0.21530823203892704
1.4599927111375337,0.6694095164505366,1.5409689756959049,1.6934185496996945
0.7492457523687547,-0.14131639024852868,-0.6510210324063782,0.317592402855488
-1.3829951239375826,-1.4613399157876474,-1.0894190340268348,-1.202636247041945
0.7492457523687547,1.2136649017162522,1.1025709740754481,1.6210952747633691
1.4599927111375337,1.4623774866489023,0.22577497083453502,2.6469704848944198
1.4599927111375337,0.210037067658163,-0.2126230307859216,1.1410185739332956
0.03849879359997556,-0.6084008571783487,1.1025709740754481,-0.4203319650370943
1.4599927111375337,0.5865053214729864,1.9793669773163614,1.5937254239649592
1.4599927111375337,-0.5208795987106168,1.5409689756959049,0.2620839537774816
0.03849879359997556,1.6225540738852096,-0.2126230307859216,1.1893154394973207
0.03849879359997556,-1.12820102703453,-1.0894190340268348,-0.7953709147870449
1.4599927111375337,-0.7051562426264442,1.9793669773163614,0.04048944174041963
-1.3829951239375826,1.000265241939278,-0.2126230307859216,-0.6106152701420473
-0.6722481651688036,-1.663475970127035,0.6641729724549916,-1.2164126899984342
-0.6722481651688036,-0.5132183175346009,0.22577497083453502,-0.6631341456821087
1.4599927111375337,-0.32407092532143883,1.1025709740754481,0.49874835691398056
0.7492457523687547,-1.059909076948984,-0.6510210324063782,-0.5661011302790957
0.03849879359997556,1.082865015148245,1.1025709740754481,0.7999265367652342
1.4599927111375337,1.1079798110563763,1.1025709740754481,2.220803726475125
0.7492457523687547,1.2267043008039087,0.6641729724549916,1.633639281281767
0.7492457523687547,0.17467340554105612,1.5409689756959049,0.6215771211301184
-0.6722481651688036,0.21328423318971934,0.6641729724549916,-0.31368350494877256
1.4599927111375337,1.3566923959890265,0.22577497083453502,2.5198831036793323
0.7492457523687547,-0.9230207550093082,-0.2126230307859216,-0.4344134665178635
-1.3829951239375826,0.6248117273530661,-1.966215037267748,-0.700912593328956
0.7492457523687547,1.5054531669034557,1.1025709740754481,1.9017979264649427
0.03849879359997556,0.6326252194133739,-1.0894190340268348,0.47507581542984495
1.4599927111375337,-0.4298574899041757,0.6641729724549916,0.3715389522891803
0.03849879359997556,0.5449010130999197,1.1025709740754481,0.4117822728122107
-0.6722481651688036,1.4382266930079515,-0.2126230307859216,0.27551873118677705
0.7492457523687547,0.24438599054665824,-0.2126230307859216,0.6886411871078549
-1.3829951239375826,-1.4180105507259413,0.22577497083453502,-1.1922154478525369
0.7492457523687547,-0.8410805622989391,-0.2126230307859216,-0.35558634384388665
-0.6722481651688036,-1.3581409362378696,-0.2126230307859216,-1.0695453140690245
1.4599927111375337,0.6560149586328661,1.9793669773163614,1.6773114596177057
1.4599927111375337,-1.4111103239713838,-0.2126230307859216,-0.808427419626233
1.4599927111375337,-1.69599836240403,1.9793669773163614,-1.1510081423927814
-1.3829951239375826,1.640007588617325,0.22577497083453502,-0.45675595283613785
-1.3829951239375826,-0.9029796552442334,-1.5278170356472913,-1.0683494846538464
1.4599927111375337,1.5177315115696532,-0.2126230307859216,2.713534254892337
0.7492457523687547,1.1195985752239772,1.1025709740754481,1.5306027141209215
0.03849879359997556,-0.8038903695703318,-0.2126230307859216,-0.5613788243232397
0.03849879359997556,0.28177913112098774,0.6641729724549916,0.2219382519822208
-0.6722481651688036,0.4404336095143778,-0.2126230307859216,-0.2044237438926131
0.03849879359997556,0.03920571852143643,0.6641729724549916,0.04692007543224404
0.03849879359997556,0.37366376827174863,1.1025709740754481,0.2882335704787716
-1.3829951239375826,-0.18007942878148347,-0.2126230307859216,-0.8944905304961338
0.03849879359997556,-1.2636179770927192,-0.2126230307859216,-0.8930750589434744
-0.6722481651688036,0.017490299029152948,-0.6510210324063782,-0.4078611725645239
0.7492457523687547,0.39482108118829606,1.1025709740754481,0.8333609510263329
-0.6722481651688036,1.4685166589820013,-0.2126230307859216,0.29008832630639453
0.7492457523687547,-0.7207832267470595,0.6641729724549916,-0.2398593420729892
0.03849879359997556,1.431224992330533,-0.6510210324063782,1.0512703560900913
-1.3829951239375826,0.04646110400600786,-0.2126230307859216,-0.8400070780597088
0.03849879359997556,1.0737830990521726,0.22577497083453502,0.7933738796636979
0.03849879359997556,0.6778318520480109,-0.6510210324063782,0.5076926728458729
0.03849879359997556,0.08212918789169815,0.6641729724549916,0.0778896168171593
1.4599927111375337,-0.5875479660303847,1.9793669773163614,0.1819145735966722
-1.3829951239375826,1.16800163642874,-0.2126230307859216,-0.5702743308912473
0.03849879359997556,-0.5001281814855142,-0.6510210324063782,-0.34221257813944717
1.4599927111375337,0.4020764666728675,1.5409689756959049,1.371947876813329
1.4599927111375337,-0.4824209819462455,-0.2126230307859216,0.3083308260583444
-1.3829951239375826,0.3355095732759607,-1.966215037267748,-0.7704903415467603
1.4599927111375337,-0.13172710453815117,1.9793669773163614,0.7300437300231497
0.03849879359997556,-1.1953260270071733,-0.2126230307859216,-0.843802006101753
-1.3829951239375826,-1.73699382723993,-0.2126230307859216,-1.2689315655384956
-1.3829951239375826,0.6834129178053736,-0.6510210324063782,-0.6868188895072154
0.7492457523687547,1.6284395614111553,1.1025709740754481,2.0201118245217353
1.4599927111375337,-0.8481329999377881,1.9793669773163614,-0.13144154254384288
0.7492457523687547,-1.0849223989342545,-0.6510210324063782,-0.5901641466743096
0.7492457523687547,-0.20341843103954543,0.6641729724549916,0.25784974146047385
-0.6722481651688036,0.9007700605739322,-0.2126230307859216,0.016999935370852193
0.7492457523687547,0.576763824878317,-0.6510210324063782,1.0083913299172809
0.03849879359997556,-0.1629303358179511,1.1025709740754481,-0.09892230385558448
0.7492457523687547,1.3847499356601316,0.6641729724549916,1.785680449782967
0.03849879359997556,-1.1140454147954013,-1.0894190340268348,-0.7851575553941473
-0.6722481651688036,0.6722000493292176,0.6641729724549916,-0.09294315677969475
1.4599927111375337,-1.1315496664889477,0.22577497083453502,-0.4722529258695668
1.4599927111375337,1.2810943234574785,0.22577497083453502,2.4289756634438633
-1.3829951239375826,0.8505912057190987,-1.0894190340268348,-0.6466121760070987
-0.6722481651688036,-0.13050941746381747,-0.2126230307859216,-0.4790496297905273
-0.6722481651688036,0.9703811716566727,-1.0894190340268348,0.05048315899583538
0.7492457523687547,-0.6226072063789081,1.1025709740754481,-0.14541322295587136
-0.6722481651688036,0.46899851879978827,0.22577497083453502,-0.19068390795903756
-0.6722481651688036,-0.41752840827654736,0.22577497083453502,-0.6171069155387278
1.4599927111375337,1.0404489153922891,1.5409689756959049,2.139597147311764
-1.3829951239375826,1.2132590060248074,-0.6510210324063782,-0.5593898427449335
0.7492457523687547,0.807616999387407,0.6641729724549916,1.2304739355931913
-1.3829951239375826,0.5262298112934701,-1.966215037267748,-0.7246217418360049
0.03849879359997556,-0.9373793150941594,0.6641729724549916,-0.6576919016089517
-0.6722481651688036,-0.45390680962226554,-1.0894190340268348,-0.634605072491434
1.4599927111375337,1.4932255591986887,1.1025709740754481,2.68406560144688
0.03849879359997556,0.4217116707464975,-0.2126230307859216,0.3229004211779616
0.03849879359997556,1.5126070784651657,0.6641729724549916,1.1099880208435242
-1.3829951239375826,0.19339534430893615,-1.5278170356472913,-0.8046690986071023
-1.3829951239375826,1.6316867269427118,-0.6510210324063782,-0.45875713675541524
0.03849879359997556,1.1090960242078491,1.1025709740754481,0.8188523676115713
0.03849879359997556,-1.0237336234489882,0.22577497083453502,-0.7199970546079186
0.03849879359997556,-1.0610252901004564,-1.0894190340268348,-0.7469032164494231
0.7492457523687547,0.6345532239477355,-0.2126230307859216,1.0639851953820858
0.03849879359997556,-1.0048087368353857,0.22577497083453502,-0.7063426350611416
-0.6722481651688036,-0.1676488732309941,-1.0894190340268348,-0.4969138569723697
1.4599927111375337,-1.433739008769418,1.5409689756959049,-0.8356386399920177
-1.3829951239375826,0.5186192670788848,-0.6510210324063782,-0.7264520929816856
0.7492457523687547,-0.8937962652253004,0.6641729724549916,-0.40629927292020984
0.03849879359997556,0.5940143917647107,0.6641729724549916,0.44721787099258664
0.7492457523687547,-0.6036823197653057,1.1025709740754481,-0.1272073302268351
-1.3829951239375826,0.4362224417156404,0.22577497083453502,-0.7462686947189207
-1.3829951239375826,-1.4931519906046142,-1.5278170356472913,-1.2102871148308898
1.4599927111375337,-0.294389802884556,0.6641729724549916,0.5344402042547518
-0.6722481651688036,1.7327547541124053,-1.5278170356472913,0.4171879098624538
-0.6722481651688036,-0.3275717756601481,-0.2126230307859216,-0.5738374144548388
0.03849879359997556,-0.24065936072958308,-1.0894190340268348,-0.15500426295923747
1.4599927111375337,0.20521705632225898,1.5409689756959049,1.1352224619719737
-0.6722481651688036,-1.0995853807876892,0.6641729724549916,-0.9451790548905148
1.4599927111375337,0.6064956842766306,1.1025709740754481,1.6177640356782306
-1.3829951239375826,1.3708480082281558,-0.6510210324063782,-0.5214893716883743
0.7492457523687547,0.7436884279848898,-0.6510210324063782,1.1689741370983238
1.4599927111375337,1.1284775434743268,0.22577497083453502,2.2454524552369572
1.4599927111375337,0.13905605861679662,0.6641729724549916,1.0556631988397245
1.4599927111375337,0.06005860966940044,-0.2126230307859216,0.9606679743789026
-0.6722481651688036,0.09227658017781198,-1.0894190340268348,-0.3718886713814149
-0.6722481651688036,0.36366858686992637,0.22577497083453502,-0.24134802767147612
-1.3829951239375826,0.41866745306066355,-1.0894190340268348,-0.750490704694957
-0.6722481651688036,1.0523213643670424,-1.0894190340268348,0.08989672033282407
0.03849879359997556,1.4892173392456733,0.6641729724549916,1.0931121832803492
1.4599927111375337,-0.4463977393305412,-0.2126230307859216,0.35164913650611807
1.4599927111375337,0.7410501059905003,1.9793669773163614,1.7795670769563936
-1.3829951239375826,-1.6715938839559261,-1.966215037267748,-1.2532027480266137
0.7492457523687547,-1.480112591516958,0.6641729724549916,-0.9703402819731372
0.03849879359997556,-0.5545689411005147,-1.0894190340268348,-0.38149191372575236
-0.6722481651688036,0.9124395617029629,-1.0894190340268348,0.02261301221760586
-0.6722481651688036,0.5054783940683675,-0.6510210324063782,-0.17313694164244642
-0.6722481651688036,-1.6042151991761302,-0.6510210324063782,-1.187908021489702
-0.6722481651688036,-1.4410451312154198,0.6641729724549916,-1.1094225643629188
-0.6722481651688036,0.19151807673600535,-1.5278170356472913,-0.3241531135020654
0.7492457523687547,-1.2002982492273688,1.1025709740754481,-0.7011566401483799
0.03849879359997556,1.7062700602456486,-1.0894190340268348,1.2497170273047797
0.7492457523687547,-1.520854371545705,-0.6510210324063782,-1.0095342011726438
-0.6722481651688036,-0.29367948542452815,-0.2126230307859216,-0.5575350869173106
0.03849879359997556,-0.12660267143366374,0.22577497083453502,-0.07271167544943885
-0.6722481651688036,0.8370951739785675,0.6641729724549916,-0.013627940466869663
0.7492457523687547,-0.25922908861317157,-0.6510210324063782,0.20415944118717685
1.4599927111375337,-1.2415981358318524,1.5409689756959049,-0.6045873137022726
-1.3829951239375826,0.6258264665816775,-1.966215037267748,-0.7006685465095318
0.03849879359997556,-0.8266205282912268,0.22577497083453502,-0.5777787705885377
-0.6722481651688036,0.3541807750824102,0.6641729724549916,-0.24591170319470623
1.4599927111375337,-0.40575743322465535,1.9793669773163614,0.40051951209578945
-0.6722481651688036,0.24631399508101984,-0.6510210324063782,-0.29779605700426515
0.7492457523687547,0.554287350964575,1.5409689756959049,0.9867687817163078
-0.6722481651688036,1.2058006726945143,-1.5278170356472913,0.16372088320860742
1.4599927111375337,-1.2482954147406875,1.9793669773163614,-0.6126408587432671
-1.3829951239375826,1.2168105933249476,-0.6510210324063782,-0.5585356788769492
-0.6722481651688036,-0.2545612881615591,-0.6510210324063782,-0.5387190771397141
0.03849879359997556,0.7457179064421124,-0.2126230307859216,0.5566728695042853
-1.3829951239375826,-1.1405808456235889,-1.5278170356472913,-1.1254930474219942
0.03849879359997556,0.4415498226658502,-1.0894190340268348,0.3372137671371837
-1.3829951239375826,0.2623976118545104,-1.0894190340268348,-0.788073914886265
-0.6722481651688036,-0.9915663899020073,-1.0894190340268348,-0.8932214870351286
1.4599927111375337,1.4585722145416096,1.1025709740754481,2.6423946070302184
0.03849879359997556,-1.0033373649538992,0.6641729724549916,-0.7052810313966468
-0.6722481651688036,-1.078631015716864,0.22577497083453502,-0.9350999212483003
0.03849879359997556,0.11495600193727627,-1.0894190340268348,0.10157436064226609
-1.3829951239375826,1.242787917577399,-1.966215037267748,-0.5522880802996928
-0.6722481651688036,-1.087459247005783,-0.6510210324063782,-0.9393463359062791
1.4599927111375337,0.8824540174974966,1.5409689756959049,1.9496066983901192
1.4599927111375337,0.04062635344149251,1.9793669773163614,0.9373004914190471
0.7492457523687547,1.1256870105956451,-0.2126230307859216,1.536459837787099
1.4599927111375337,-0.3850567529609832,0.6641729724549916,0.4254122876770452
1.4599927111375337,1.4333559447106166,-0.2126230307859216,2.612071789716777
0.7492457523687547,0.283047555156752,0.22577497083453502,0.7258339223880843
-1.3829951239375826,0.42582136462237363,-1.5278170356472913,-0.7487701746180175
-1.3829951239375826,1.3736385411068368,-0.2126230307859216,-0.5208182429349582
-0.6722481651688036,1.2625753325353208,-0.6510210324063782,0.19102972230216153
-1.3829951239375826,-1.3503274441775621,-0.2126230307859216,-1.175937524996951
1.4599927111375337,-0.6374731360780648,1.9793669773163614,0.12187905601834916
1.4599927111375337,-0.4547693379665853,-0.2126230307859216,0.34158220520487487
-1.3829951239375826,-1.2709240995387212,0.22577497083453502,-1.156840861377017
0.03849879359997556,1.1815991420921323,0.22577497083453502,0.8711638033551224
0.7492457523687547,1.4868834390198675,1.1025709740754481,1.8839336992831004
0.7492457523687547,-1.2629583965941218,-0.2126230307859216,-0.7614362045461269
0.03849879359997556,1.5862771464623522,0.6641729724549916,1.1631414181140884
0.03849879359997556,-1.4549470586473956,0.6641729724549916,-1.0311201423507035
0.7492457523687547,-1.1140961517568317,1.1025709740754481,-0.6182295309080784
-1.3829951239375826,-0.2653682609462703,-1.5278170356472913,-0.9150026656687276
0.7492457523687547,-0.3050953017464062,-0.2126230307859216,0.1600357762353036
-1.3829951239375826,-1.414408226464371,-1.966215037267748,-1.1913490816435814
-1.3829951239375826,-0.5718195079869083,0.22577497083453502,-0.9887048051347989
0.7492457523687547,1.4640010694146808,0.6641729724549916,1.8619206761710487
1.4599927111375337,-0.3687701883417703,1.1025709740754481,0.4449970449358276
-0.6722481651688036,1.3858661488116037,-0.2126230307859216,0.25033309942221216
0.7492457523687547,-0.5596426372435717,-0.6510210324063782,-0.08484080237481527
-0.6722481651688036,0.3137941537836769,-1.5278170356472913,-0.26533783002086286
1.4599927111375337,-1.163057319537331,1.9793669773163614,-0.5101411945851546
0.03849879359997556,1.1659214210100868,-0.6510210324063782,0.8598522332748165
0.03849879359997556,-0.4513699615507371,-0.2126230307859216,-0.30703322911946657
0.7492457523687547,1.3152910354616822,1.5409689756959049,1.7188604306246544
-0.6722481651688036,-1.2335309589643917,-0.2126230307859216,-1.009607415218471
0.7492457523687547,0.5958916593376418,0.6641729724549916,1.0267924601018565
0.03849879359997556,0.4481963646132548,0.22577497083453502,0.3420092871388669
-0.6722481651688036,-0.8764442244160459,0.22577497083453502,-0.8378472637078057
-1.3829951239375826,0.6441932466195436,0.22577497083453502,-0.696251299077956
1.4599927111375337,-0.4844504604034681,1.5409689756959049,0.30589035786410357
-0.6722481651688036,-0.5212347574406307,0.22577497083453502,-0.6669900854290091
0.7492457523687547,1.7426484615913667,-0.2126230307859216,2.129981702626455
1.4599927111375337,-0.1848994401173875,0.6641729724549916,0.6661034633340414
0.7492457523687547,-0.5555836803291262,1.1025709740754481,-0.08093605326403013
0.03849879359997556,0.18487153478860077,0.22577497083453502,0.15201883821722276
1.4599927111375337,0.3275946072927919,0.6641729724549916,1.2823826940846925
-0.6722481651688036,-1.4366310155709603,-0.6510210324063782,-1.1072993570339293
0.03849879359997556,0.27635027624791686,1.1025709740754481,0.21802130053046462
-0.6722481651688036,-0.9130255736074862,-1.5278170356472913,-0.8554430393882815
0.03849879359997556,1.5381277700647424,0.22577497083453502,1.1284013533690709
-0.6722481651688036,0.6187232919813979,-1.0894190340268348,-0.1186656915469924
0.7492457523687547,-1.6558654259124497,0.22577497083453502,-1.1394159184701378
0.7492457523687547,-0.2833798822541224,1.5409689756959049,0.18092618397800475
1.4599927111375337,-0.6593915034160708,0.22577497083453502,0.09552199952054893
-0.6722481651688036,-0.03558056262722261,-1.5278170356472913,-0.4333884698762825
1.4599927111375337,-0.4446219456804715,0.6641729724549916,0.35378454617607874
-0.6722481651688036,1.6460960239889935,0.22577497083453502,0.3755047131048216
0.03849879359997556,-0.8824819228262836,-1.0894190340268348,-0.6180831028164241
-1.3829951239375826,-0.40245953073166846,-1.5278170356472913,-0.9479733909729205
-0.6722481651688036,-1.6738770472203017,-1.0894190340268348,-1.2214156497966278
0.03849879359997556,-0.20874581198975525,-0.6510210324063782,-0.13197844554657592
0.03849879359997556,0.4798054915844995,1.1025709740754481,0.364815462414047
1.4599927111375337,-0.6227594172631998,1.9793669773163614,0.13957245042659475
0.03849879359997556,0.05752176159787197,0.6641729724549916,0.06013521070405773
-1.3829951239375826,-1.6889459247651806,-1.5278170356472913,-1.2573759486387655
-1.3829951239375826,1.6289976679868918,-1.966215037267748,-0.459403860826889
0.7492457523687547,1.0067088360409606,0.22577497083453502,1.4220018794772071
0.7492457523687547,0.42566915373808206,0.22577497083453502,0.8630370442683005
-1.3829951239375826,-1.3666140087967746,-0.6510210324063782,-1.1798544764487076
0.7492457523687547,-0.563853805042309,0.22577497083453502,-0.08889197957725502
1.4599927111375337,1.5631918290114433,1.1025709740754481,2.7682007424433306
-1.3829951239375826,1.3306643347751446,0.22577497083453502,-0.5311536257375679
-1.3829951239375826,0.07325021964134854,-1.5278170356472913,-0.833564242026913
0.7492457523687547,0.819743133169313,1.1025709740754481,1.2421393735616622
0.7492457523687547,0.7595183599512274,-0.2126230307859216,1.1842026586303862
0.03849879359997556,0.29131767986993473,1.1025709740754481,0.22882037228997992
-1.3829951239375826,-0.5408699615142611,-1.966215037267748,-0.9812613771423646
0.03849879359997556,0.031037067731114715,-0.2126230307859216,0.041026344743152386
-0.6722481651688036,-0.29012789812438805,-1.5278170356472913,-0.555826759181342
-1.3829951239375826,0.9115262963972129,-0.2126230307859216,-0.6319571645006827
0.7492457523687547,1.027358779343202,1.5409689756959049,1.4418672905783267
-0.6722481651688036,0.27061699960626256,-1.5278170356472913,-0.2861062143538518
-0.6722481651688036,-0.8952676371067869,-0.2126230307859216,-0.8469014007084388
-1.3829951239375826,-1.6130434304650492,-0.6510210324063782,-1.2391212465458445
1.4599927111375337,-0.20301253534810096,0.6641729724549916,0.6443222847004425
0.03849879359997556,0.9677428496622832,-0.6510210324063782,0.7168652017742496
0.7492457523687547,0.9331909789280659,0.22577497083453502,1.3512771112081097
0.7492457523687547,-1.434652274075168,1.5409689756959049,-0.9266070919323425
1.4599927111375337,0.17984857560697437,0.22577497083453502,1.1047166095439642
1.4599927111375337,-1.454693373840243,1.5409689756959049,-0.8608364740975537
1.4599927111375337,-1.6742322059503156,-0.2126230307859216,-1.1248341210095492
-1.3829951239375826,0.8895571920977763,-1.966215037267748,-0.637240778141214
-0.6722481651688036,0.7113689835536172,-1.5278170356472913,-0.07410274232015593
-1.3829951239375826,1.543658098860674,-1.0894190340268348,-0.47992819834045397
0.7492457523687547,-0.4139768209764076,1.5409689756959049,0.055290881338489764
-0.6722481651688036,0.6592621241644228,0.22577497083453502,-0.09916635067500862
0.03849879359997556,0.36767680682294146,-1.0894190340268348,0.28391394177496543
-0.6722481651688036,0.28274313338816853,-1.5278170356472913,-0.2802734953696164
-1.3829951239375826,-0.46055335156967014,-1.0894190340268348,-0.9619450713849489
-0.6722481651688036,-0.42102925861525664,0.6641729724549916,-0.6187908385927539
1.4599927111375337,-1.1401242129707139,1.1025709740754481,-0.48256390399023397
1.4599927111375337,-1.3744275008570825,-0.2126230307859216,-0.7643159570153311
-0.6722481651688036,-0.18129711585581718,-0.2126230307859216,-0.5034787164148774
0.7492457523687547,-0.799628464810164,1.5409689756959049,-0.3157090935499924
1.4599927111375337,1.5748105931790435,0.6641729724549916,2.782172422855359
-1.3829951239375826,-0.0067112315732287525,-0.2126230307859216,-0.8527951313975304
-0.6722481651688036,-0.20402727457671227,-1.5278170356472913,-0.5144120139250761
-1.3829951239375826,-1.1315496664889477,-1.5278170356472913,-1.12332103072912
-1.3829951239375826,0.49629500404943444,-1.0894190340268348,-0.7318211230090153
0.7492457523687547,0.6843261831111239,0.22577497083453502,1.1118671813530898
-0.6722481651688036,-0.5138271610717678,-1.5278170356472913,-0.6634270018654176
-1.3829951239375826,0.18365384771426707,-0.6510210324063782,-0.8070119480735735
0.7492457523687547,0.028652430543878116,-0.6510210324063782,0.4811037718696197
-1.3829951239375826,-0.6782656530682425,-0.6510210324063782,-1.0143053164923845
-0.6722481651688036,0.9955467045262352,0.6641729724549916,0.0625878812392697
0.7492457523687547,1.6753205137730014,0.22577497083453502,2.065211676751305
0.03849879359997556,-0.26004087999606046,1.1025709740754481,-0.16898814571223714
-1.3829951239375826,-1.5998518204931014,-0.6510210324063782,-1.2359486378933315
1.4599927111375337,1.4083933596867768,1.1025709740754481,2.5820540309276154
1.4599927111375337,0.5496195505129626,0.6641729724549916,1.5493699145346327
0.7492457523687547,0.35103508347371487,-0.2126230307859216,0.7912384699937371
0.03849879359997556,1.1000141081117774,-0.2126230307859216,0.812299710510035
-1.3829951239375826,-1.182844734495253,-1.0894190340268348,-1.135657597451007
-1.3829951239375826,-1.4490108341600192,-1.966215037267748,-1.1996710781859425
-0.6722481651688036,1.4727785637421693,0.6641729724549916,0.2921383195895569
-0.6722481651688036,0.7966070787569732,-0.2126230307859216,-0.03310287665691107
0.7492457523687547,1.7080965908571493,1.1025709740754481,2.096742525820896
0.03849879359997556,0.6850365005711518,0.22577497083453502,0.5128908700996058
-0.6722481651688036,1.2345685298256468,-1.5278170356472913,0.1775583378699525
-0.6722481651688036,1.4908409220114518,0.22577497083453502,0.30082638636105385
0.03849879359997556,-0.7454921269637467,-0.6510210324063782,-0.5192441409496729
1.4599927111375337,-0.7469127618838026,0.22577497083453502,-0.009723191356084371
0.7492457523687547,-0.8069853242175965,1.5409689756959049,-0.32278645131329053
0.7492457523687547,1.4840421691797552,0.22577497083453502,1.8812003749055506
-0.6722481651688036,0.43190979999404217,-1.5278170356472913,-0.20852373045893763
-0.6722481651688036,0.5505328158187129,-1.5278170356472913,-0.15146558407758837
1.4599927111375337,0.7612434166398666,0.6641729724549916,1.8038497354890894
0.7492457523687547,-0.5101740998487667,0.6641729724549916,-0.03725167258712021
-0.6722481651688036,-1.172951027016292,-1.0894190340268348,-0.9804682249792362
1.4599927111375337,-1.6149714349994109,0.22577497083453502,-1.0535724497377188
0.03849879359997556,-0.9865434307203809,-0.6510210324063782,-0.6931641068122413
0.7492457523687547,-0.046894905026239345,1.1025709740754481,0.4084266290451296
0.7492457523687547,-0.4063662767618222,-0.2126230307859216,0.06261228592121208
0.7492457523687547,-0.21133339702271423,1.1025709740754481,0.2502354806944426
0.03849879359997556,0.6051765232794358,-1.0894190340268348,0.45527141603358107
-1.3829951239375826,0.08314392712030948,0.22577497083453502,-0.8311847855375283
-0.6722481651688036,-1.4876216618086824,-0.6510210324063782,-1.131826062386049
-1.3829951239375826,1.4131626340612506,-0.2126230307859216,-0.5113126193183902
0.7492457523687547,-1.4152707548086907,0.6641729724549916,-0.907961914928343
0.03849879359997556,-1.3805666731901813,-1.0894190340268348,-0.9774542467593489
0.7492457523687547,-0.6188019342716155,1.5409689756959049,-0.1417525206645102
-1.3829951239375826,0.0020155257928292872,-1.966215037267748,-0.8506963287504833
0.7492457523687547,-0.7429045419307876,1.1025709740754481,-0.2611402247267687
0.03849879359997556,1.5397006158690898,-1.0894190340268348,1.129536171079393
-0.6722481651688036,-0.10194450817840704,-1.0894190340268348,-0.4653097938569517
-0.6722481651688036,0.888288768062012,0.6641729724549916,0.010996383613019807
0.03849879359997556,1.1772357634091037,1.1025709740754481,0.8680155993845516
0.03849879359997556,-0.5323968889553561,-0.6510210324063782,-0.3654946447125042
-1.3829951239375826,1.6653760693326096,-1.966215037267748,-0.4506547823505359
-1.3829951239375826,-0.8145958684321818,-1.0894190340268348,-1.0470930066820094
0.03849879359997556,-1.5529201311698249,-1.0894190340268348,-1.1018083035968875
1.4599927111375337,1.6325999922484624,1.1025709740754481,2.8516647546863645
0.03849879359997556,1.0037660922779874,0.22577497083453502,0.7428561880429138
0.7492457523687547,1.118533099033935,-0.2126230307859216,1.5295777174793403
0.7492457523687547,0.26356456196741357,-0.6510210324063782,0.7070911266563152
1.4599927111375337,-0.8437696212547591,0.6641729724549916,-0.12619453592622515
0.03849879359997556,1.249840355216248,0.22577497083453502,0.9204002491739299
0.03849879359997556,1.4732859333564745,-0.2126230307859216,1.081617578085475
0.7492457523687547,0.3160773170480525,1.1025709740754481,0.7576088182770991
-0.6722481651688036,-0.16724297753954961,-0.2126230307859216,-0.4967186195168305
-1.3829951239375826,1.7153519763417204,-1.0894190340268348,-0.43863547649390006
-0.6722481651688036,-0.09687081203535011,-0.6510210324063782,-0.46286932566271094
-0.6722481651688036,0.5657031672864532,-0.2126230307859216,-0.14416858417680845
0.7492457523687547,-1.614108906655091,-0.6510210324063782,-1.0992458119929347
-0.6722481651688036,-1.4358699611495016,-1.5278170356472913,-1.1069332868047932
0.03849879359997556,1.582573348277921,-0.6510210324063782,1.1604691054413947
0.7492457523687547,0.27295089983206866,-0.2126230307859216,0.716120858975006
0.7492457523687547,-0.3145831135339224,-0.6510210324063782,0.15090842518884337
0.03849879359997556,0.7377522034975131,-0.6510210324063782,0.5509255669068482
-0.6722481651688036,0.9965614437548468,-1.0894190340268348,0.06307597487811796
0.03849879359997556,0.7217193236854534,0.22577497083453502,0.539357747666147
0.7492457523687547,1.7183961940275547,1.1025709740754481,2.1066508266895134
-1.3829951239375826,0.12784319014064094,-0.2126230307859216,-0.8204345231418977
1.4599927111375337,0.7688032238930215,1.5409689756959049,1.812940479512636
0.03849879359997556,1.0914395616300108,0.22577497083453502,0.8061131236376344
1.4599927111375337,0.329928507518598,-0.2126230307859216,1.2851892325080692
-0.6722481651688036,1.1765254459490753,-1.5278170356472913,0.14963938172783794
-1.3829951239375826,-0.0064068098046453255,-1.5278170356472913,-0.8527219173517031
-0.6722481651688036,1.7193601962947351,0.22577497083453502,0.4107450738296582
0.7492457523687547,-0.2727758573151336,1.1025709740754481,0.19112734102993106
-0.6722481651688036,1.276680207813019,-0.6510210324063782,0.1978142238821508
-0.6722481651688036,-0.06206525649397958,0.6641729724549916,-0.4461277138502192
0.7492457523687547,1.7265648448178763,-0.6510210324063782,2.114509134274969
0.03849879359997556,-0.8005417301159142,1.1025709740754481,-0.5589627608109413
0.7492457523687547,0.9039157521826275,0.22577497083453502,1.3231141082465712
0.7492457523687547,1.6964778266895486,1.5409689756959049,2.085565181491273
0.03849879359997556,-0.27835692307249604,-0.2126230307859216,-0.18220328098405084
0.7492457523687547,-1.6692092467686894,-0.6510210324063782,-1.1522527811718442
0.7492457523687547,0.5595639949533541,1.1025709740754481,0.9918449555603285
-1.3829951239375826,0.9397867839140396,-0.2126230307859216,-0.6251604605797223
-1.3829951239375826,-1.7505405959418918,0.22577497083453502,-1.272189590577807
-0.6722481651688036,-0.6699447913936291,-1.0894190340268348,-0.7385202082022061
0.03849879359997556,-0.25430760335440616,0.6641729724549916,-0.1648515521229989
1.4599927111375337,-0.2072237031468381,0.22577497083453502,0.6392583131973928
0.03849879359997556,-0.6728875351566022,-1.0894190340268348,-0.46685949116029457
0.03849879359997556,-0.16206780747363136,-0.6510210324063782,-0.09829998446605309
-0.6722481651688036,-1.337135834205614,-0.2126230307859216,-1.0594417757448678
-0.6722481651688036,-0.12680561927938583,0.22577497083453502,-0.47726808800873144
-1.3829951239375826,0.8575421694350868,-1.5278170356472913,-0.6449404552940438
-0.6722481651688036,1.7290002189665439,0.6641729724549916,0.41538196339871586
0.7492457523687547,0.8218740855493968,0.6641729724549916,1.2441893668448243
0.03849879359997556,-1.1388050519735191,1.1025709740754481,-0.8030217825759898
-1.3829951239375826,-0.7511746666439704,-0.6510210324063782,-1.0318400804680046
0.03849879359997556,-0.6802443945640346,-0.2126230307859216,-0.4721675094827683
0.03849879359997556,-1.3428691108472683,1.1025709740754481,-0.9502552287345355
-0.6722481651688036,-0.723421548741449,-1.5278170356472913,-0.7642427429695038
-1.3829951239375826,-1.1611800519644,-1.0894190340268348,-1.130447197856303
-1.3829951239375826,-1.4519535779229922,-0.6510210324063782,-1.2003788139622722
1.4599927111375337,0.8226351399708552,0.22577497083453502,1.8776738983648729
0.7492457523687547,-0.2945420137688476,1.1025709740754481,0.17018812392334542
0.03849879359997556,-1.0029314692624547,0.6641729724549916,-0.7049881752133379
-0.6722481651688036,0.3240937569540826,-1.0894190340268348,-0.260383679586554
-1.3829951239375826,-0.37998305681792627,0.22577497083453502,-0.9425677539226771
-1.3829951239375826,-0.772890086136254,-0.6510210324063782,-1.0370626824036797
-1.3829951239375826,-0.06647937213843913,0.22577497083453502,-0.8671694890616085
-1.3829951239375826,-0.9796939409272541,0.22577497083453502,-1.086799424202307
-0.6722481651688036,-0.8717256870030029,0.6641729724549916,-0.8355776282871616
-0.6722481651688036,0.07548264594429357,-0.2126230307859216,-0.37996662110435186
1.4599927111375337,0.16645401778930416,0.6641729724549916,1.088609519461975
0.03849879359997556,1.3190455706075443,0.22577497083453502,0.9703322284280962
0.7492457523687547,0.10156144411960608,-0.2126230307859216,0.5512428277720995
0.03849879359997556,0.38781938051087755,-0.6510210324063782,0.2984469298716691
-1.3829951239375826,1.681814844836114,-1.966215037267748,-0.44670122387586586
0.03849879359997556,-0.8471689976706074,-0.6510210324063782,-0.5926046148685504
-1.3829951239375826,-1.2652415598584974,0.22577497083453502,-1.155474199188242
-0.6722481651688036,1.5531459106481906,-0.2126230307859216,0.3307953357863305
-0.6722481651688036,0.4080634281216744,-1.5278170356472913,-0.21999393097186937
0.7492457523687547,-0.47638328353600773,-0.6510210324063782,-0.004744636239833285
0.7492457523687547,1.035882588863538,0.22577497083453502,1.4500672637109762
